DATE,DGS10,DGS5,DGS1,BAA,AAA,CORESTICKM159SFRBATL,UNRATE,INDPRO,TERM,CURVE,DEFAULT,INFLATION
1919-01-31,,,,7.12,5.35,,,4.8665,,,-1.7700000000000005,
1919-02-28,,,,7.2,5.35,,,4.6514,,,-1.8500000000000005,
1919-03-31,,,,7.15,5.39,,,4.517,,,-1.7600000000000007,
1919-04-30,,,,7.23,5.44,,,4.5976,,,-1.79,
1919-05-31,,,,7.09,5.39,,,4.6245,,,-1.7000000000000002,
1919-06-30,,,,7.04,5.4,,,4.9203,,,-1.6399999999999997,
1919-07-31,,,,7.06,5.44,,,5.216,,,-1.6199999999999992,
1919-08-31,,,,7.13,5.56,,,5.2967,,,-1.5700000000000003,
1919-09-30,,,,7.27,5.6,,,5.1891,,,-1.67,
1919-10-31,,,,7.34,5.54,,,5.1354,,,-1.7999999999999998,
1919-11-30,,,,7.54,5.66,,,5.0547,,,-1.88,
1919-12-31,,,,7.77,5.73,,,5.1354,,,-2.039999999999999,
1920-01-31,,,,7.78,5.75,,,5.6193,,,-2.0300000000000002,
1920-02-29,,,,7.94,5.86,,,5.6193,,,-2.08,
1920-03-31,,,,7.97,5.92,,,5.5118,,,-2.05,
1920-04-30,,,,8.17,6.04,,,5.216,,,-2.13,
1920-05-31,,,,8.39,6.25,,,5.3505,,,-2.1400000000000006,
1920-06-30,,,,8.39,6.38,,,5.4042,,,-2.0100000000000007,
1920-07-31,,,,8.52,6.34,,,5.2698,,,-2.1799999999999997,
1920-08-31,,,,8.39,6.3,,,5.2967,,,-2.0900000000000007,
1920-09-30,,,,8.14,6.22,,,5.1085,,,-1.9200000000000008,
1920-10-31,,,,7.99,6.05,,,4.8934,,,-1.9400000000000004,
1920-11-30,,,,8.21,6.08,,,4.4901,,,-2.130000000000001,
1920-12-31,,,,8.56,6.26,,,4.2212,,,-2.3000000000000007,
1921-01-31,,,,8.5,6.14,,,3.9792,,,-2.3600000000000003,
1921-02-28,,,,8.42,6.08,,,3.8986,,,-2.34,
1921-03-31,,,,8.55,6.08,,,3.791,,,-2.4700000000000006,
1921-04-30,,,,8.53,6.06,,,3.791,,,-2.4699999999999998,
1921-05-31,,,,8.52,6.11,,,3.8986,,,-2.4099999999999993,
1921-06-30,,,,8.56,6.18,,,3.8717,,,-2.380000000000001,
1921-07-31,,,,8.48,6.12,,,3.8448,,,-2.3600000000000003,
1921-08-31,,,,8.51,5.99,,,3.9792,,,-2.5199999999999996,
1921-09-30,,,,8.34,5.93,,,4.0061,,,-2.41,
1921-10-31,,,,8.34,5.84,,,4.2481,,,-2.5,
1921-11-30,,,,7.88,5.6,,,4.1943,,,-2.2800000000000002,
1921-12-31,,,,7.61,5.5,,,4.1674,,,-2.1100000000000003,
1922-01-31,,,,7.7,5.34,,,4.3288,,,-2.3600000000000003,
1922-02-28,,,,7.55,5.29,,,4.517,,,-2.26,
1922-03-31,,,,7.45,5.23,,,4.7589,,,-2.2199999999999998,
1922-04-30,,,,7.14,5.15,,,4.5976,,,-1.9899999999999993,
1922-05-31,,,,6.89,5.13,,,4.8396,,,-1.7599999999999998,
1922-06-30,,,,6.97,5.08,,,5.0816,,,-1.8899999999999997,
1922-07-31,,,,6.89,5.0,,,5.0816,,,-1.8899999999999997,
1922-08-31,,,,6.85,4.96,,,4.974,,,-1.8899999999999997,
1922-09-30,,,,6.75,4.93,,,5.2429,,,-1.8200000000000003,
1922-10-31,,,,6.78,4.97,,,5.5387,,,-1.8100000000000005,
1922-11-30,,,,6.98,5.09,,,5.7806,,,-1.8900000000000006,
1922-12-31,,,,7.02,5.08,,,5.942,,,-1.9399999999999995,
1923-01-31,,,,6.98,5.04,,,5.8075,,,-1.9400000000000004,
1923-02-28,,,,6.97,5.07,,,5.8882,,,-1.8999999999999995,
1923-03-31,,,,7.09,5.13,,,6.0764,,,-1.96,
1923-04-30,,,,7.17,5.22,,,6.2108,,,-1.9500000000000002,
1923-05-31,,,,7.17,5.16,,,6.2915,,,-2.01,
1923-06-30,,,,7.21,5.15,,,6.2377,,,-2.0599999999999996,
1923-07-31,,,,7.34,5.14,,,6.1839,,,-2.2,
1923-08-31,,,,7.38,5.08,,,6.0764,,,-2.3,
1923-09-30,,,,7.38,5.12,,,5.942,,,-2.26,
1923-10-31,,,,7.46,5.11,,,5.9151,,,-2.3499999999999996,
1923-11-30,,,,7.4,5.09,,,5.9151,,,-2.3100000000000005,
1923-12-31,,,,7.38,5.09,,,5.7806,,,-2.29,
1924-01-31,,,,7.24,5.09,,,5.9151,,,-2.1500000000000004,
1924-02-29,,,,7.14,5.09,,,6.0226,,,-2.05,
1924-03-31,,,,7.08,5.1,,,5.9151,,,-1.9800000000000004,
1924-04-30,,,,7.03,5.08,,,5.7269,,,-1.9500000000000002,
1924-05-31,,,,6.97,5.04,,,5.4849,,,-1.9299999999999997,
1924-06-30,,,,6.82,4.99,,,5.2429,,,-1.83,
1924-07-31,,,,6.67,4.95,,,5.1622,,,-1.7199999999999998,
1924-08-31,,,,6.69,4.95,,,5.3505,,,-1.7400000000000002,
1924-09-30,,,,6.73,4.95,,,5.5387,,,-1.7800000000000002,
1924-10-31,,,,6.62,4.92,,,5.6731,,,-1.7000000000000002,
1924-11-30,,,,6.54,4.94,,,5.7806,,,-1.5999999999999996,
1924-12-31,,,,6.46,4.95,,,5.942,,,-1.5099999999999998,
1925-01-31,,,,6.44,4.95,,,6.1302,,,-1.4900000000000002,
1925-02-28,,,,6.36,4.95,,,6.1302,,,-1.4100000000000001,
1925-03-31,,,,6.36,4.91,,,6.1302,,,-1.4500000000000002,
1925-04-30,,,,6.41,4.87,,,6.1839,,,-1.54,
1925-05-31,,,,6.3,4.83,,,6.1571,,,-1.4699999999999998,
1925-06-30,,,,6.18,4.83,,,6.1033,,,-1.3499999999999996,
1925-07-31,,,,6.2,4.87,,,6.2646,,,-1.33,
1925-08-31,,,,6.24,4.9,,,6.1571,,,-1.3399999999999999,
1925-09-30,,,,6.2,4.87,,,6.0764,,,-1.33,
1925-10-31,,,,6.17,4.85,,,6.3184,,,-1.3200000000000003,
1925-11-30,,,,6.17,4.84,,,6.4528,,,-1.33,
1925-12-31,,,,6.15,4.85,,,6.5335,,,-1.3000000000000007,
1926-01-31,,,,6.09,4.82,,,6.4259,,,-1.2699999999999996,
1926-02-28,,,,6.02,4.77,,,6.4259,,,-1.25,
1926-03-31,,,,6.05,4.79,,,6.5066,,,-1.2599999999999998,
1926-04-30,,,,5.98,4.74,,,6.5066,,,-1.2400000000000002,
1926-05-31,,,,5.86,4.71,,,6.4528,,,-1.1500000000000004,
1926-06-30,,,,5.8,4.72,,,6.5335,,,-1.08,
1926-07-31,,,,5.79,4.71,,,6.5604,,,-1.08,
1926-08-31,,,,5.81,4.72,,,6.641,,,-1.0899999999999999,
1926-09-30,,,,5.79,4.72,,,6.7486,,,-1.0700000000000003,
1926-10-31,,,,5.81,4.71,,,6.7486,,,-1.0999999999999996,
1926-11-30,,,,5.77,4.68,,,6.7217,,,-1.0899999999999999,
1926-12-31,,,,5.68,4.68,,,6.6948,,,-1.0,
1927-01-31,,,,5.61,4.66,,,6.6679,,,-0.9500000000000002,
1927-02-28,,,,5.59,4.67,,,6.7217,,,-0.9199999999999999,
1927-03-31,,,,5.54,4.62,,,6.8023,,,-0.9199999999999999,
1927-04-30,,,,5.48,4.58,,,6.641,,,-0.9000000000000004,
1927-05-31,,,,5.5,4.57,,,6.6948,,,-0.9299999999999997,
1927-06-30,,,,5.55,4.58,,,6.6679,,,-0.9699999999999998,
1927-07-31,,,,5.55,4.6,,,6.5872,,,-0.9500000000000002,
1927-08-31,,,,5.48,4.56,,,6.5872,,,-0.9200000000000008,
1927-09-30,,,,5.42,4.54,,,6.4797,,,-0.8799999999999999,
1927-10-31,,,,5.38,4.51,,,6.3453,,,-0.8700000000000001,
1927-11-30,,,,5.35,4.49,,,6.3453,,,-0.8599999999999994,
1927-12-31,,,,5.32,4.46,,,6.3722,,,-0.8600000000000003,
1928-01-31,,,,5.35,4.46,,,6.5066,,,-0.8899999999999997,
1928-02-29,,,,5.33,4.46,,,6.5604,,,-0.8700000000000001,
1928-03-31,,,,5.32,4.46,,,6.6141,,,-0.8600000000000003,
1928-04-30,,,,5.33,4.46,,,6.5872,,,-0.8700000000000001,
1928-05-31,,,,5.42,4.49,,,6.6679,,,-0.9299999999999997,
1928-06-30,,,,5.55,4.57,,,6.7217,,,-0.9799999999999995,
1928-07-31,,,,5.58,4.61,,,6.8023,,,-0.9699999999999998,
1928-08-31,,,,5.61,4.64,,,6.9368,,,-0.9700000000000006,
1928-09-30,,,,5.59,4.61,,,6.9905,,,-0.9799999999999995,
1928-10-31,,,,5.58,4.61,,,7.125,,,-0.9699999999999998,
1928-11-30,,,,5.55,4.58,,,7.2594,,,-0.9699999999999998,
1928-12-31,,,,5.6,4.61,,,7.3938,,,-0.9899999999999993,
1929-01-31,,,,5.63,4.62,,,7.5014,,,-1.0099999999999998,
1929-02-28,,,,5.66,4.66,,,7.4745,,,-1.0,
1929-03-31,,,,5.79,4.7,,,7.5014,,,-1.0899999999999999,
1929-04-30,,,,5.8,4.69,,,7.6358,,,-1.1099999999999994,
1929-05-31,,,,5.8,4.7,,,7.7703,,,-1.0999999999999996,
1929-06-30,,,,5.94,4.77,,,7.824,,,-1.1700000000000008,
1929-07-31,,,,5.95,4.77,,,7.9316,,,-1.1800000000000006,
1929-08-31,,,,6.04,4.79,,,7.8509,,,-1.25,
1929-09-30,,,,6.12,4.8,,,7.7972,,,-1.3200000000000003,
1929-10-31,,,,6.11,4.77,,,7.6627,,,-1.3400000000000007,
1929-11-30,,,,6.03,4.76,,,7.2863,,,-1.2700000000000005,
1929-12-31,,,,5.95,4.67,,,6.9637,,,-1.2800000000000002,
1930-01-31,,,,5.92,4.66,,,6.9637,,,-1.2599999999999998,
1930-02-28,,,,5.89,4.69,,,6.9368,,,-1.1999999999999993,
1930-03-31,,,,5.73,4.62,,,6.8292,,,-1.1100000000000003,
1930-04-30,,,,5.7,4.6,,,6.7755,,,-1.1000000000000005,
1930-05-31,,,,5.72,4.6,,,6.6679,,,-1.12,
1930-06-30,,,,5.78,4.57,,,6.4797,,,-1.21,
1930-07-31,,,,5.77,4.52,,,6.1839,,,-1.25,
1930-08-31,,,,5.73,4.47,,,6.0495,,,-1.2600000000000007,
1930-09-30,,,,5.65,4.42,,,5.942,,,-1.2300000000000004,
1930-10-31,,,,5.94,4.42,,,5.7806,,,-1.5200000000000005,
1930-11-30,,,,6.25,4.47,,,5.6462,,,-1.7800000000000002,
1930-12-31,,,,6.71,4.52,,,5.5118,,,-2.1900000000000004,
1931-01-31,,,,6.41,4.42,,,5.4849,,,-1.9900000000000002,
1931-02-28,,,,6.38,4.43,,,5.5118,,,-1.9500000000000002,
1931-03-31,,,,6.44,4.39,,,5.6193,,,-2.0500000000000007,
1931-04-30,,,,6.72,4.4,,,5.6462,,,-2.3199999999999994,
1931-05-31,,,,7.15,4.37,,,5.5656,,,-2.7800000000000002,
1931-06-30,,,,7.36,4.36,,,5.4311,,,-3.0,
1931-07-31,,,,7.08,4.36,,,5.3505,,,-2.7199999999999998,
1931-08-31,,,,7.47,4.4,,,5.1622,,,-3.0699999999999994,
1931-09-30,,,,8.07,4.55,,,4.9203,,,-3.5200000000000005,
1931-10-31,,,,9.04,4.99,,,4.7321,,,-4.049999999999999,
1931-11-30,,,,8.93,4.94,,,4.6783,,,-3.9899999999999993,
1931-12-31,,,,10.42,5.32,,,4.6514,,,-5.1,
1932-01-31,,,,9.13,5.2,,,4.517,,,-3.9300000000000006,
1932-02-29,,,,8.87,5.23,,,4.4094,,,-3.639999999999999,
1932-03-31,,,,8.83,4.98,,,4.3556,,,-3.8499999999999996,
1932-04-30,,,,10.46,5.17,,,4.0599,,,-5.290000000000001,
1932-05-31,,,,11.0,5.36,,,3.9255,,,-5.64,
1932-06-30,,,,11.0,5.41,,,3.791,,,-5.59,
1932-07-31,,,,10.79,5.26,,,3.6835,,,-5.529999999999999,
1932-08-31,,,,8.22,4.91,,,3.791,,,-3.3100000000000005,
1932-09-30,,,,7.61,4.7,,,4.033,,,-2.91,
1932-10-31,,,,7.87,4.64,,,4.1674,,,-3.2300000000000004,
1932-11-30,,,,8.24,4.63,,,4.1674,,,-3.6100000000000003,
1932-12-31,,,,8.42,4.59,,,4.0868,,,-3.83,
1933-01-31,,,,8.01,4.44,,,4.0061,,,-3.5699999999999994,
1933-02-28,,,,8.37,4.48,,,4.033,,,-3.889999999999999,
1933-03-31,,,,8.91,4.68,,,3.791,,,-4.23,
1933-04-30,,,,9.12,4.78,,,4.0599,,,-4.339999999999999,
1933-05-31,,,,7.74,4.63,,,4.7321,,,-3.1100000000000003,
1933-06-30,,,,7.07,4.46,,,5.458,,,-2.6100000000000003,
1933-07-31,,,,6.62,4.36,,,5.9688,,,-2.26,
1933-08-31,,,,6.77,4.3,,,5.7269,,,-2.4699999999999998,
1933-09-30,,,,7.27,4.36,,,5.4042,,,-2.9099999999999993,
1933-10-31,,,,7.49,4.34,,,5.1354,,,-3.1500000000000004,
1933-11-30,,,,7.98,4.54,,,4.8396,,,-3.4400000000000004,
1933-12-31,,,,7.75,4.5,,,4.8665,,,-3.25,
1934-01-31,,,,7.01,4.35,,,5.0278,,,-2.66,
1934-02-28,,,,6.27,4.2,,,5.2698,,,-2.0699999999999994,
1934-03-31,,,,6.26,4.13,,,5.5118,,,-2.13,
1934-04-30,,,,6.01,4.07,,,5.5118,,,-1.9399999999999995,
1934-05-31,,,,6.05,4.01,,,5.6193,,,-2.04,
1934-06-30,,,,6.06,3.93,,,5.5118,,,-2.1299999999999994,
1934-07-31,,,,6.13,3.89,,,5.1354,,,-2.2399999999999998,
1934-08-31,,,,6.49,3.93,,,5.0816,,,-2.56,
1934-09-30,,,,6.57,3.96,,,4.7858,,,-2.6100000000000003,
1934-10-31,,,,6.4,3.9,,,5.0009,,,-2.5000000000000004,
1934-11-30,,,,6.37,3.86,,,5.0547,,,-2.5100000000000002,
1934-12-31,,,,6.23,3.81,,,5.3773,,,-2.4200000000000004,
1935-01-31,,,,5.98,3.77,,,5.8075,,,-2.2100000000000004,
1935-02-28,,,,5.95,3.69,,,5.9151,,,-2.2600000000000002,
1935-03-31,,,,6.2,3.67,,,5.8882,,,-2.5300000000000002,
1935-04-30,,,,6.13,3.66,,,5.7806,,,-2.4699999999999998,
1935-05-31,,,,5.94,3.65,,,5.7806,,,-2.2900000000000005,
1935-06-30,,,,5.77,3.61,,,5.8613,,,-2.1599999999999997,
1935-07-31,,,,5.67,3.56,,,5.8613,,,-2.11,
1935-08-31,,,,5.58,3.6,,,6.0764,,,-1.98,
1935-09-30,,,,5.53,3.59,,,6.2377,,,-1.9400000000000004,
1935-10-31,,,,5.54,3.52,,,6.4259,,,-2.02,
1935-11-30,,,,5.43,3.47,,,6.5604,,,-1.9599999999999995,
1935-12-31,,,,5.3,3.44,,,6.641,,,-1.8599999999999999,
1936-01-31,,,,5.0,3.37,,,6.5335,,,-1.63,
1936-02-29,,,,4.8,3.32,,,6.3722,,,-1.48,
1936-03-31,,,,4.86,3.29,,,6.4528,,,-1.5700000000000003,
1936-04-30,,,,4.91,3.29,,,6.8561,,,-1.62,
1936-05-31,,,,4.94,3.27,,,6.9905,,,-1.6700000000000004,
1936-06-30,,,,4.9,3.24,,,7.125,,,-1.6600000000000001,
1936-07-31,,,,4.84,3.23,,,7.2594,,,-1.6099999999999999,
1936-08-31,,,,4.74,3.21,,,7.367,,,-1.5300000000000002,
1936-09-30,,,,4.62,3.18,,,7.5014,,,-1.44,
1936-10-31,,,,4.54,3.18,,,7.6089,,,-1.3599999999999999,
1936-11-30,,,,4.52,3.15,,,7.824,,,-1.3699999999999997,
1936-12-31,,,,4.53,3.1,,,8.066,,,-1.4300000000000002,
1937-01-31,,,,4.49,3.1,,,8.0391,,,-1.3900000000000001,
1937-02-28,,,,4.53,3.22,,,8.1467,,,-1.31,
1937-03-31,,,,4.68,3.32,,,8.3349,,,-1.3599999999999999,
1937-04-30,,,,4.84,3.42,,,8.3349,,,-1.42,
1937-05-31,,,,4.84,3.33,,,8.3618,,,-1.5099999999999998,
1937-06-30,,,,4.93,3.28,,,8.2542,,,-1.65,
1937-07-31,,,,4.91,3.25,,,8.308,,,-1.6600000000000001,
1937-08-31,,,,4.92,3.24,,,8.2542,,,-1.6799999999999997,
1937-09-30,,,,5.16,3.28,,,7.9854,,,-1.8800000000000003,
1937-10-31,,,,5.52,3.27,,,7.3938,,,-2.2499999999999996,
1937-11-30,,,,5.82,3.24,,,6.6679,,,-2.58,
1937-12-31,,,,5.73,3.21,,,6.0764,,,-2.5200000000000005,
1938-01-31,,,,5.89,3.17,,,5.942,,,-2.7199999999999998,
1938-02-28,,,,5.97,3.2,,,5.8882,,,-2.7699999999999996,
1938-03-31,,,,6.3,3.22,,,5.8882,,,-3.0799999999999996,
1938-04-30,,,,6.47,3.3,,,5.7806,,,-3.17,
1938-05-31,,,,6.06,3.22,,,5.6462,,,-2.8399999999999994,
1938-06-30,,,,6.25,3.26,,,5.7,,,-2.99,
1938-07-31,,,,5.63,3.22,,,6.0226,,,-2.4099999999999997,
1938-08-31,,,,5.49,3.18,,,6.3453,,,-2.31,
1938-09-30,,,,5.65,3.21,,,6.5335,,,-2.4400000000000004,
1938-10-31,,,,5.36,3.15,,,6.6948,,,-2.2100000000000004,
1938-11-30,,,,5.23,3.1,,,6.9637,,,-2.1300000000000003,
1938-12-31,,,,5.27,3.08,,,7.0443,,,-2.1899999999999995,
1939-01-31,,,,5.12,3.01,,,7.0443,,,-2.1100000000000003,
1939-02-28,,,,5.05,3.0,,,7.0981,,,-2.05,
1939-03-31,,,,4.89,2.99,,,7.125,,,-1.8999999999999995,
1939-04-30,,,,5.15,3.02,,,7.0981,,,-2.1300000000000003,
1939-05-31,,,,5.07,2.97,,,7.0712,,,-2.1,
1939-06-30,,,,4.91,2.92,,,7.2325,,,-1.9900000000000002,
1939-07-31,,,,4.84,2.89,,,7.4476,,,-1.9499999999999997,
1939-08-31,,,,4.85,2.93,,,7.5552,,,-1.9199999999999995,
1939-09-30,,,,5.0,3.25,,,8.0122,,,-1.75,
1939-10-31,,,,4.88,3.15,,,8.4155,,,-1.73,
1939-11-30,,,,4.85,3.0,,,8.6306,,,-1.8499999999999996,
1939-12-31,,,,4.92,2.94,,,8.6306,,,-1.98,
1940-01-31,,,,4.86,2.88,,,8.5231,,,-1.9800000000000004,
1940-02-29,,,,4.83,2.86,,,8.2542,,,-1.9700000000000002,
1940-03-31,,,,4.8,2.84,,,8.066,,,-1.96,
1940-04-30,,,,4.74,2.82,,,8.2273,,,-1.9200000000000004,
1940-05-31,,,,4.94,2.93,,,8.4693,,,-2.0100000000000002,
1940-06-30,,,,5.11,2.96,,,8.7382,,,-2.1500000000000004,
1940-07-31,,,,4.8,2.88,,,8.8457,,,-1.92,
1940-08-31,,,,4.76,2.85,,,8.8995,,,-1.9099999999999997,
1940-09-30,,,,4.66,2.82,,,9.0877,,,-1.8400000000000003,
1940-10-31,,,,4.56,2.79,,,9.2221,,,-1.7699999999999996,
1940-11-30,,,,4.48,2.75,,,9.4372,,,-1.7300000000000004,
1940-12-31,,,,4.45,2.71,,,9.7599,,,-1.7400000000000002,
1941-01-31,,,,4.38,2.75,,,10.0019,,,-1.63,
1941-02-28,,,,4.42,2.78,,,10.2976,,,-1.6400000000000001,
1941-03-31,,,,4.38,2.8,,,10.6203,,,-1.58,
1941-04-30,,,,4.33,2.82,,,10.6471,,,-1.5100000000000002,
1941-05-31,,,,4.32,2.81,,,11.1311,,,-1.5100000000000002,
1941-06-30,,,,4.31,2.77,,,11.2118,,,-1.5399999999999996,
1941-07-31,,,,4.28,2.74,,,11.3462,,,-1.54,
1941-08-31,,,,4.27,2.74,,,11.4806,,,-1.5299999999999994,
1941-09-30,,,,4.3,2.75,,,11.4806,,,-1.5499999999999998,
1941-10-31,,,,4.28,2.73,,,11.5882,,,-1.5500000000000003,
1941-11-30,,,,4.28,2.72,,,11.642,,,-1.56,
1941-12-31,,,,4.38,2.8,,,11.8302,,,-1.58,
1942-01-31,,,,4.29,2.83,,,12.0721,,,-1.46,
1942-02-28,,,,4.29,2.85,,,12.2872,,,-1.44,
1942-03-31,,,,4.3,2.86,,,12.4217,,,-1.44,
1942-04-30,,,,4.26,2.83,,,12.0721,,,-1.4299999999999997,
1942-05-31,,,,4.27,2.85,,,12.099,,,-1.4199999999999995,
1942-06-30,,,,4.33,2.85,,,12.1259,,,-1.48,
1942-07-31,,,,4.3,2.83,,,12.4217,,,-1.4699999999999998,
1942-08-31,,,,4.28,2.81,,,12.7981,,,-1.4700000000000002,
1942-09-30,,,,4.26,2.8,,,13.0938,,,-1.46,
1942-10-31,,,,4.24,2.8,,,13.524,,,-1.4400000000000004,
1942-11-30,,,,4.25,2.79,,,13.8467,,,-1.46,
1942-12-31,,,,4.28,2.81,,,14.1693,,,-1.4700000000000002,
1943-01-31,,,,4.16,2.79,,,14.3037,,,-1.37,
1943-02-28,,,,4.08,2.77,,,14.6801,,,-1.31,
1943-03-31,,,,4.01,2.76,,,14.7877,,,-1.25,
1943-04-30,,,,3.96,2.76,,,14.9759,,,-1.2000000000000002,
1943-05-31,,,,3.91,2.74,,,15.0834,,,-1.17,
1943-06-30,,,,3.88,2.72,,,15.0028,,,-1.1599999999999997,
1943-07-31,,,,3.81,2.69,,,15.4599,,,-1.12,
1943-08-31,,,,3.81,2.69,,,15.7825,,,-1.12,
1943-09-30,,,,3.83,2.69,,,16.1858,,,-1.1400000000000001,
1943-10-31,,,,3.82,2.7,,,16.4278,,,-1.1199999999999997,
1943-11-30,,,,3.83,2.71,,,16.6429,,,-1.12,
1943-12-31,,,,3.82,2.74,,,16.4278,,,-1.0799999999999996,
1944-01-31,,,,3.76,2.72,,,16.616,,,-1.0399999999999996,
1944-02-29,,,,3.72,2.74,,,16.7504,,,-0.98,
1944-03-31,,,,3.7,2.74,,,16.7235,,,-0.96,
1944-04-30,,,,3.68,2.74,,,16.7235,,,-0.94,
1944-05-31,,,,3.63,2.73,,,16.616,,,-0.8999999999999999,
1944-06-30,,,,3.59,2.73,,,16.5622,,,-0.8599999999999999,
1944-07-31,,,,3.57,2.72,,,16.5353,,,-0.8499999999999996,
1944-08-31,,,,3.55,2.71,,,16.7504,,,-0.8399999999999999,
1944-09-30,,,,3.56,2.72,,,16.6429,,,-0.8399999999999999,
1944-10-31,,,,3.55,2.72,,,16.6967,,,-0.8299999999999996,
1944-11-30,,,,3.53,2.72,,,16.5622,,,-0.8099999999999996,
1944-12-31,,,,3.49,2.7,,,16.5084,,,-0.79,
1945-01-31,,,,3.46,2.69,,,16.3471,,,-0.77,
1945-02-28,,,,3.41,2.65,,,16.2934,,,-0.7600000000000002,
1945-03-31,,,,3.38,2.62,,,16.1858,,,-0.7599999999999998,
1945-04-30,,,,3.36,2.61,,,15.8901,,,-0.75,
1945-05-31,,,,3.32,2.62,,,15.4599,,,-0.6999999999999997,
1945-06-30,,,,3.29,2.61,,,15.1103,,,-0.6800000000000002,
1945-07-31,,,,3.26,2.6,,,14.7608,,,-0.6599999999999997,
1945-08-31,,,,3.26,2.61,,,13.2283,,,-0.6499999999999999,
1945-09-30,,,,3.24,2.62,,,12.0453,,,-0.6200000000000001,
1945-10-31,,,,3.2,2.62,,,11.5613,,,-0.5800000000000001,
1945-11-30,,,,3.15,2.62,,,11.9915,,,-0.5299999999999998,
1945-12-31,,,,3.1,2.61,,,12.0453,,,-0.4900000000000002,
1946-01-31,,,,3.01,2.54,,,11.3731,,,-0.46999999999999975,
1946-02-28,,,,2.95,2.48,,,10.8085,,,-0.4700000000000002,
1946-03-31,,,,2.94,2.47,,,11.9377,,,-0.46999999999999975,
1946-04-30,,,,2.96,2.46,,,11.7226,,,-0.5,
1946-05-31,,,,3.02,2.51,,,11.2924,,,-0.5100000000000002,
1946-06-30,,,,3.03,2.49,,,11.9915,,,-0.5399999999999996,
1946-07-31,,,,3.03,2.48,,,12.3948,,,-0.5499999999999998,
1946-08-31,,,,3.03,2.51,,,12.8519,,,-0.52,
1946-09-30,,,,3.1,2.58,,,13.0938,,,-0.52,
1946-10-31,,,,3.15,2.6,,,13.3358,,,-0.5499999999999998,
1946-11-30,,,,3.17,2.59,,,13.4165,,,-0.5800000000000001,
1946-12-31,,,,3.17,2.61,,,13.4971,,,-0.56,
1947-01-31,,,,3.13,2.57,,,13.6585,,,-0.56,
1947-02-28,,,,3.12,2.55,,,13.7391,,,-0.5700000000000003,
1947-03-31,,,,3.15,2.55,,,13.8198,,,-0.6000000000000001,
1947-04-30,,,,3.16,2.53,,,13.7122,,,-0.6300000000000003,
1947-05-31,,,,3.17,2.53,,,13.766,,,-0.6400000000000001,
1947-06-30,,,,3.21,2.55,,,13.766,,,-0.6600000000000001,
1947-07-31,,,,3.18,2.55,,,13.6853,,,-0.6300000000000003,
1947-08-31,,,,3.17,2.56,,,13.766,,,-0.6099999999999999,
1947-09-30,,,,3.23,2.61,,,13.8736,,,-0.6200000000000001,
1947-10-31,,,,3.35,2.7,,,14.008,,,-0.6499999999999999,
1947-11-30,,,,3.44,2.77,,,14.1962,,,-0.6699999999999999,
1947-12-31,,,,3.52,2.86,,,14.25,,,-0.6600000000000001,
1948-01-31,,,,3.52,2.86,,3.4,14.3306,,,-0.6600000000000001,
1948-02-29,,,,3.53,2.85,,3.8,14.3575,,,-0.6799999999999997,
1948-03-31,,,,3.53,2.83,,4.0,14.1962,,,-0.6999999999999997,
1948-04-30,,,,3.47,2.78,,3.9,14.2231,,,-0.6900000000000004,
1948-05-31,,,,3.38,2.76,,3.5,14.4651,,,-0.6200000000000001,
1948-06-30,,,,3.34,2.76,,3.6,14.6533,,,-0.5800000000000001,
1948-07-31,,,,3.37,2.81,,3.6,14.6533,,,-0.56,
1948-08-31,,,,3.44,2.84,,3.9,14.5995,,,-0.6000000000000001,
1948-09-30,,,,3.45,2.84,,3.8,14.4919,,,-0.6100000000000003,
1948-10-31,,,,3.5,2.84,,3.7,14.5995,,,-0.6600000000000001,
1948-11-30,,,,3.53,2.84,,3.8,14.4113,,,-0.69,
1948-12-31,,,,3.53,2.79,,4.0,14.2768,,,-0.7399999999999998,
1949-01-31,,,,3.46,2.71,,4.3,14.1424,,,-0.75,
1949-02-28,,,,3.45,2.71,,4.7,14.008,,,-0.7400000000000002,
1949-03-31,,,,3.47,2.7,,5.0,13.7391,,,-0.77,
1949-04-30,,,,3.45,2.7,,5.3,13.6585,,,-0.75,
1949-05-31,,,,3.45,2.71,,6.1,13.4702,,,-0.7400000000000002,
1949-06-30,,,,3.47,2.71,,6.2,13.4434,,,-0.7600000000000002,
1949-07-31,,,,3.46,2.67,,6.7,13.4165,,,-0.79,
1949-08-31,,,,3.4,2.62,,6.8,13.5509,,,-0.7799999999999998,
1949-09-30,,,,3.37,2.6,,6.6,13.6854,,,-0.77,
1949-10-31,,,,3.36,2.61,,7.9,13.1745,,,-0.75,
1949-11-30,,,,3.35,2.6,,6.4,13.524,,,-0.75,
1949-12-31,,,,3.31,2.58,,6.6,13.766,,,-0.73,
1950-01-31,,,,3.24,2.57,,6.5,14.008,,,-0.6700000000000004,
1950-02-28,,,,3.24,2.58,,6.4,14.0618,,,-0.6600000000000001,
1950-03-31,,,,3.24,2.58,,6.3,14.5188,,,-0.6600000000000001,
1950-04-30,,,,3.23,2.6,,5.8,15.0028,,,-0.6299999999999999,
1950-05-31,,,,3.25,2.61,,5.5,15.3523,,,-0.6400000000000001,
1950-06-30,,,,3.28,2.62,,5.4,15.8094,,,-0.6599999999999997,
1950-07-31,,,,3.32,2.65,,5.0,16.3202,,,-0.6699999999999999,
1950-08-31,,,,3.23,2.61,,4.5,16.8311,,,-0.6200000000000001,
1950-09-30,,,,3.21,2.64,,4.4,16.7235,,,-0.5699999999999998,
1950-10-31,,,,3.22,2.67,,4.2,16.8311,,,-0.5500000000000003,
1950-11-30,,,,3.22,2.67,,4.2,16.8042,,,-0.5500000000000003,
1950-12-31,,,,3.2,2.67,,4.3,17.1,,,-0.5300000000000002,
1951-01-31,,,,3.17,2.66,,3.7,17.1537,,,-0.5099999999999998,
1951-02-28,,,,3.16,2.66,,3.4,17.2613,,,-0.5,
1951-03-31,,,,3.23,2.78,,3.4,17.3419,,,-0.4500000000000002,
1951-04-30,,,,3.35,2.87,,3.1,17.3688,,,-0.48,
1951-05-31,,,,3.4,2.89,,3.0,17.3151,,,-0.5099999999999998,
1951-06-30,,,,3.49,2.94,,3.2,17.2344,,,-0.5500000000000003,
1951-07-31,,,,3.53,2.94,,3.1,16.9655,,,-0.5899999999999999,
1951-08-31,,,,3.5,2.88,,3.1,16.8042,,,-0.6200000000000001,
1951-09-30,,,,3.46,2.84,,3.3,16.9118,,,-0.6200000000000001,
1951-10-31,,,,3.5,2.89,,3.5,16.8849,,,-0.6099999999999999,
1951-11-30,,,,3.56,2.96,,3.5,17.0193,,,-0.6000000000000001,
1951-12-31,,,,3.61,3.01,,3.1,17.1268,,,-0.6000000000000001,
1952-01-31,,,,3.59,2.98,,3.2,17.315,,,-0.6099999999999999,
1952-02-29,,,,3.53,2.93,,3.1,17.4226,,,-0.5999999999999996,
1952-03-31,,,,3.51,2.96,,2.9,17.4764,,,-0.5499999999999998,
1952-04-30,,,,3.5,2.93,,2.9,17.315,,,-0.5699999999999998,
1952-05-31,,,,3.49,2.93,,3.0,17.1537,,,-0.56,
1952-06-30,,,,3.5,2.94,,3.0,16.9924,,,-0.56,
1952-07-31,,,,3.5,2.95,,3.2,16.7235,,,-0.5499999999999998,
1952-08-31,,,,3.51,2.94,,3.4,17.799,,,-0.5699999999999998,
1952-09-30,,,,3.52,2.95,,3.1,18.4443,,,-0.5699999999999998,
1952-10-31,,,,3.54,3.01,,3.0,18.6325,,,-0.5300000000000002,
1952-11-30,,,,3.53,2.98,,2.8,19.0089,,,-0.5499999999999998,
1952-12-31,,,,3.51,2.97,,2.7,19.1164,,,-0.5399999999999996,
1953-01-31,,,,3.51,3.02,,2.9,19.1702,,,-0.48999999999999977,
1953-02-28,,,,3.53,3.07,,2.6,19.2778,,,-0.45999999999999996,
1953-03-31,,,,3.57,3.12,,2.6,19.4391,,,-0.44999999999999973,
1953-04-30,,,,3.65,3.23,,2.7,19.5198,,,-0.41999999999999993,
1953-05-31,,,,3.78,3.34,,2.5,19.6273,,,-0.43999999999999995,
1953-06-30,,,,3.86,3.4,,2.5,19.5466,,,-0.45999999999999996,
1953-07-31,,,,3.86,3.28,,2.6,19.7886,,,-0.5800000000000001,
1953-08-31,,,,3.85,3.24,,2.7,19.6811,,,-0.6099999999999999,
1953-09-30,,,,3.88,3.29,,2.9,19.2778,,,-0.5899999999999999,
1953-10-31,,,,3.82,3.16,,3.1,19.1165,,,-0.6599999999999997,
1953-11-30,,,,3.75,3.11,,3.5,18.6594,,,-0.6400000000000001,
1953-12-31,,,,3.74,3.13,,4.5,18.2023,,,-0.6100000000000003,
1954-01-31,,,,3.71,3.06,,4.9,18.0679,,,-0.6499999999999999,
1954-02-28,,,,3.61,2.95,,5.2,18.1217,,,-0.6599999999999997,
1954-03-31,,,,3.51,2.86,,5.7,18.0141,,,-0.6499999999999999,
1954-04-30,,,,3.47,2.85,,5.9,17.9066,,,-0.6200000000000001,
1954-05-31,,,,3.47,2.88,,5.9,18.0141,,,-0.5900000000000003,
1954-06-30,,,,3.49,2.9,,5.6,18.0679,,,-0.5900000000000003,
1954-07-31,,,,3.5,2.89,,5.8,18.0948,,,-0.6099999999999999,
1954-08-31,,,,3.49,2.87,,6.0,18.0679,,,-0.6200000000000001,
1954-09-30,,,,3.47,2.89,,6.1,18.0948,,,-0.5800000000000001,
1954-10-31,,,,3.46,2.87,,5.7,18.3099,,,-0.5899999999999999,
1954-11-30,,,,3.45,2.89,,5.3,18.6056,,,-0.56,
1954-12-31,,,,3.45,2.9,,5.0,18.8476,,,-0.5500000000000003,
1955-01-31,,,,3.45,2.93,,4.9,19.2778,,,-0.52,
1955-02-28,,,,3.47,2.93,,4.7,19.5198,,,-0.54,
1955-03-31,,,,3.48,3.02,,4.6,19.9768,,,-0.45999999999999996,
1955-04-30,,,,3.49,3.01,,4.7,20.2188,,,-0.4800000000000004,
1955-05-31,,,,3.5,3.04,,4.3,20.5414,,,-0.45999999999999996,
1955-06-30,,,,3.51,3.05,,4.2,20.5684,,,-0.45999999999999996,
1955-07-31,,,,3.52,3.06,,4.0,20.7297,,,-0.45999999999999996,
1955-08-31,,,,3.56,3.11,,4.2,20.7028,,,-0.4500000000000002,
1955-09-30,,,,3.59,3.13,,4.1,20.8372,,,-0.45999999999999996,
1955-10-31,,,,3.59,3.1,,4.3,21.1867,,,-0.48999999999999977,
1955-11-30,,,,3.58,3.1,,4.2,21.2405,,,-0.48,
1955-12-31,,,,3.62,3.15,,4.2,21.3212,,,-0.4700000000000002,
1956-01-31,,,,3.6,3.11,,4.0,21.4556,,,-0.4900000000000002,
1956-02-29,,,,3.58,3.08,,3.9,21.2674,,,-0.5,
1956-03-31,,,,3.6,3.1,,4.2,21.2674,,,-0.5,
1956-04-30,,,,3.68,3.24,,4.0,21.4287,,,-0.43999999999999995,
1956-05-31,,,,3.73,3.28,,4.3,21.2405,,,-0.4500000000000002,
1956-06-30,,,,3.76,3.26,,4.3,21.0523,,,-0.5,
1956-07-31,,,,3.8,3.28,,4.4,20.407,,,-0.52,
1956-08-31,,,,3.93,3.43,,4.1,21.2405,,,-0.5,
1956-09-30,,,,4.07,3.56,,3.9,21.7245,,,-0.5100000000000002,
1956-10-31,,,,4.17,3.59,,3.9,21.9127,,,-0.5800000000000001,
1956-11-30,,,,4.24,3.69,,4.3,21.7245,,,-0.5500000000000003,
1956-12-31,,,,4.37,3.75,,4.2,22.0471,,,-0.6200000000000001,
1957-01-31,,,,4.49,3.77,,4.2,21.9665,,,-0.7200000000000002,
1957-02-28,,,,4.47,3.67,,3.9,22.1816,,,-0.7999999999999998,
1957-03-31,,,,4.43,3.66,,3.7,22.1547,,,-0.7699999999999996,
1957-04-30,,,,4.44,3.67,,3.9,21.8589,,,-0.7700000000000005,
1957-05-31,,,,4.52,3.74,,4.1,21.7782,,,-0.7799999999999994,
1957-06-30,,,,4.63,3.91,,4.3,21.832,,,-0.7199999999999998,
1957-07-31,,,,4.73,3.99,,4.2,21.9665,,,-0.7400000000000002,
1957-08-31,,,,4.82,4.1,,4.1,21.9665,,,-0.7200000000000006,
1957-09-30,,,,4.93,4.12,,4.4,21.7783,,,-0.8099999999999996,
1957-10-31,,,,4.99,4.1,,4.5,21.4556,,,-0.8900000000000006,
1957-11-30,,,,5.09,4.08,,5.1,20.9448,,,-1.0099999999999998,
1957-12-31,,,,5.03,3.81,,5.2,20.5414,,,-1.2200000000000002,
1958-01-31,,,,4.83,3.6,,5.8,20.165,,,-1.23,
1958-02-28,,,,4.66,3.59,,6.4,19.7349,,,-1.0700000000000003,
1958-03-31,,,,4.68,3.63,,6.7,19.4929,,,-1.0499999999999998,
1958-04-30,,,,4.67,3.6,,7.4,19.1702,,,-1.0699999999999998,
1958-05-31,,,,4.62,3.57,,7.4,19.3584,,,-1.0500000000000003,
1958-06-30,,,,4.55,3.57,,7.3,19.8693,,,-0.98,
1958-07-31,,,,4.53,3.67,,7.5,20.165,,,-0.8600000000000003,
1958-08-31,,,,4.67,3.85,,7.4,20.5683,,,-0.8199999999999998,
1958-09-30,,,,4.87,4.09,,7.1,20.7566,,,-0.7800000000000002,
1958-10-31,,,,4.92,4.11,,6.7,20.9985,,,-0.8099999999999996,
1958-11-30,,,,4.87,4.09,,6.2,21.6169,,,-0.7800000000000002,
1958-12-31,,,,4.85,4.08,,6.2,21.6438,,,-0.7699999999999996,
1959-01-31,,,,4.87,4.12,,6.0,21.9665,,,-0.75,
1959-02-28,,,,4.89,4.14,,5.9,22.3966,,,-0.75,
1959-03-31,,,,4.85,4.13,,5.6,22.7193,,,-0.7199999999999998,
1959-04-30,,,,4.86,4.23,,5.2,23.2032,,,-0.6299999999999999,
1959-05-31,,,,4.96,4.37,,5.1,23.5528,,,-0.5899999999999999,
1959-06-30,,,,5.04,4.46,,5.0,23.5797,,,-0.5800000000000001,
1959-07-31,,,,5.08,4.47,,5.1,23.015,,,-0.6100000000000003,
1959-08-31,,,,5.09,4.43,,5.2,22.2353,,,-0.6600000000000001,
1959-09-30,,,,5.18,4.52,,5.5,22.2084,,,-0.6600000000000001,
1959-10-31,,,,5.28,4.57,,5.7,22.0471,,,-0.71,
1959-11-30,,,,5.26,4.56,,5.8,22.1816,,,-0.7000000000000002,
1959-12-31,,,,5.28,4.58,,5.3,23.5528,,,-0.7000000000000002,
1960-01-31,,,,5.34,4.61,,5.2,24.1712,,,-0.7299999999999995,
1960-02-29,,,,5.34,4.56,,4.8,23.9561,,,-0.7800000000000002,
1960-03-31,,,,5.25,4.49,,5.4,23.741,,,-0.7599999999999998,
1960-04-30,,,,5.2,4.45,,5.2,23.5528,,,-0.75,
1960-05-31,,,,5.28,4.46,,5.1,23.5259,,,-0.8200000000000003,
1960-06-30,,,,5.26,4.45,,5.4,23.2301,,,-0.8099999999999996,
1960-07-31,,,,5.22,4.41,,5.5,23.1495,,,-0.8099999999999996,
1960-08-31,,,,5.08,4.28,,5.6,23.1226,,,-0.7999999999999998,
1960-09-30,,,,5.01,4.25,,5.5,22.8806,,,-0.7599999999999998,
1960-10-31,,,,5.11,4.3,,6.1,22.8537,,,-0.8100000000000005,
1960-11-30,,,,5.08,4.31,,6.1,22.5311,,,-0.7700000000000005,
1960-12-31,,,,5.1,4.35,,6.6,22.1009,,,-0.75,
1961-01-31,,,,5.1,4.32,,6.6,22.1278,,,-0.7799999999999994,
1961-02-28,,,,5.07,4.27,,6.9,22.1009,,,-0.8000000000000007,
1961-03-31,,,,5.02,4.22,,6.9,22.2353,,,-0.7999999999999998,
1961-04-30,,,,5.01,4.25,,7.0,22.6924,,,-0.7599999999999998,
1961-05-31,,,,5.01,4.27,,7.1,23.0419,,,-0.7400000000000002,
1961-06-30,,,,5.03,4.33,,6.9,23.3646,,,-0.7000000000000002,
1961-07-31,,,,5.09,4.41,,7.0,23.6334,,,-0.6799999999999997,
1961-08-31,,,,5.11,4.45,,6.6,23.8485,,,-0.6600000000000001,
1961-09-30,,,,5.12,4.45,,6.7,23.8217,,,-0.6699999999999999,
1961-10-31,,,,5.13,4.42,,6.5,24.2787,,,-0.71,
1961-11-30,,,,5.11,4.39,,6.1,24.6551,,,-0.7200000000000006,
1961-12-31,,,,5.1,4.42,,6.0,24.8702,,,-0.6799999999999997,
1962-01-31,,,,5.08,4.42,,5.8,24.6551,,,-0.6600000000000001,
1962-02-28,,,,5.07,4.42,,5.5,25.0584,,,-0.6500000000000004,
1962-03-31,,,,5.04,4.39,,5.6,25.1929,,,-0.6500000000000004,
1962-04-30,,,,5.02,4.33,,5.6,25.2466,,,-0.6899999999999995,
1962-05-31,,,,5.0,4.28,,5.5,25.2197,,,-0.7199999999999998,
1962-06-30,,,,5.02,4.28,,5.5,25.166,,,-0.7399999999999993,
1962-07-31,,,,5.05,4.34,,5.4,25.4079,,,-0.71,
1962-08-31,,,,5.06,4.35,,5.7,25.4348,,,-0.71,
1962-09-30,,,,5.03,4.32,,5.6,25.5962,,,-0.71,
1962-10-31,,,,4.99,4.28,,5.4,25.6231,,,-0.71,
1962-11-30,,,,4.96,4.25,,5.7,25.7306,,,-0.71,
1962-12-31,,,,4.92,4.24,,5.5,25.7306,,,-0.6799999999999997,
1963-01-31,,,,4.91,4.21,,5.7,25.9188,,,-0.7000000000000002,
1963-02-28,,,,4.89,4.19,,5.9,26.2146,,,-0.6999999999999993,
1963-03-31,,,,4.88,4.19,,5.7,26.3759,,,-0.6899999999999995,
1963-04-30,,,,4.87,4.21,,5.7,26.6179,,,-0.6600000000000001,
1963-05-31,,,,4.85,4.22,,5.9,26.9405,,,-0.6299999999999999,
1963-06-30,,,,4.84,4.23,,5.6,27.0212,,,-0.6099999999999994,
1963-07-31,,,,4.84,4.26,,5.6,26.9136,,,-0.5800000000000001,
1963-08-31,,,,4.83,4.29,,5.4,26.9674,,,-0.54,
1963-09-30,,,,4.84,4.31,,5.5,27.2362,,,-0.5300000000000002,
1963-10-31,,,,4.83,4.32,,5.5,27.4245,,,-0.5099999999999998,
1963-11-30,,,,4.84,4.33,,5.7,27.5589,,,-0.5099999999999998,
1963-12-31,,,,4.85,4.35,,5.5,27.5051,,,-0.5,
1964-01-31,,,,4.83,4.39,,5.6,27.7471,,,-0.4400000000000004,
1964-02-29,,,,4.83,4.36,,5.4,27.9353,,,-0.46999999999999975,
1964-03-31,,,,4.83,4.38,,5.4,27.9353,,,-0.4500000000000002,
1964-04-30,,,,4.85,4.4,,5.3,28.3924,,,-0.4499999999999993,
1964-05-31,,,,4.85,4.41,,5.1,28.5537,,,-0.4399999999999995,
1964-06-30,,,,4.85,4.41,,5.2,28.6344,,,-0.4399999999999995,
1964-07-31,,,,4.83,4.4,,4.9,28.8226,,,-0.4299999999999997,
1964-08-31,,,,4.82,4.41,,5.0,29.0108,,,-0.41000000000000014,
1964-09-30,,,,4.82,4.42,,5.1,29.1183,,,-0.40000000000000036,
1964-10-31,,,,4.81,4.42,,5.1,28.715,,,-0.3899999999999997,
1964-11-30,,,,4.81,4.43,,4.8,29.6023,,,-0.3799999999999999,
1964-12-31,,,,4.81,4.44,,5.0,29.9518,,,-0.3699999999999992,
1965-01-31,,,,4.8,4.43,,4.9,30.2744,,,-0.3700000000000001,
1965-02-28,,,,4.78,4.41,,5.1,30.4627,,,-0.3700000000000001,
1965-03-31,,,,4.78,4.42,,4.7,30.866,,,-0.3600000000000003,
1965-04-30,,,,4.8,4.43,,4.8,31.0004,,,-0.3700000000000001,
1965-05-31,,,,4.81,4.44,,4.6,31.2424,,,-0.3699999999999992,
1965-06-30,,,,4.85,4.46,,4.6,31.4844,,,-0.3899999999999997,
1965-07-31,,,,4.88,4.48,,4.4,31.7801,,,-0.39999999999999947,
1965-08-31,,,,4.88,4.49,,4.4,31.9145,,,-0.3899999999999997,
1965-09-30,,,,4.91,4.52,,4.3,31.9952,,,-0.39000000000000057,
1965-10-31,,,,4.93,4.56,,4.2,32.3179,,,-0.3700000000000001,
1965-11-30,,,,4.95,4.6,,4.1,32.4523,,,-0.35000000000000053,
1965-12-31,,,,5.02,4.68,,4.0,32.8556,,,-0.33999999999999986,
1966-01-31,,,,5.06,4.74,,4.0,33.1782,,,-0.3199999999999994,
1966-02-28,,,,5.12,4.78,,3.8,33.3933,,,-0.33999999999999986,
1966-03-31,,,,5.32,4.92,,3.8,33.8504,,,-0.40000000000000036,
1966-04-30,,,,5.41,4.96,,3.8,33.9042,,,-0.4500000000000002,
1966-05-31,,,,5.48,4.98,,3.9,34.2268,,,-0.5,
1966-06-30,,,,5.58,5.07,,3.8,34.3881,,,-0.5099999999999998,
1966-07-31,,,,5.68,5.16,,3.8,34.5763,,,-0.5199999999999996,
1966-08-31,,,,5.83,5.31,,3.8,34.6032,,,-0.5200000000000005,
1966-09-30,,,,6.09,5.49,,3.7,34.9259,,,-0.5999999999999996,
1966-10-31,,,,6.1,5.41,,3.7,35.1678,,,-0.6899999999999995,
1966-11-30,,,,6.13,5.35,,3.6,34.9258,,,-0.7800000000000002,
1966-12-31,,,,6.18,5.39,,3.8,35.0065,,,-0.79,
1967-01-31,,,,5.97,5.2,,3.9,35.1716,,,-0.7699999999999996,
1967-02-28,,,,5.82,5.03,,3.8,34.7727,,,-0.79,
1967-03-31,,,,5.85,5.13,,3.8,34.5767,,,-0.7199999999999998,
1967-04-30,,,,5.83,5.11,,3.8,34.9028,,,-0.7199999999999998,
1967-05-31,,,,5.96,5.24,,3.8,34.5983,,,-0.7199999999999998,
1967-06-30,,,,6.15,5.44,,3.9,34.594,,,-0.71,
1967-07-31,,,,6.26,5.58,,3.8,34.5152,,,-0.6799999999999997,
1967-08-31,,,,6.33,5.62,,3.8,35.1765,,,-0.71,
1967-09-30,,,,6.4,5.65,,3.8,35.1194,,,-0.75,
1967-10-31,,,,6.52,5.82,,4.0,35.4054,,,-0.6999999999999993,
1967-11-30,,,,6.72,6.07,,3.9,35.9118,,,-0.6499999999999995,
1967-12-31,,,,6.93,6.19,3.383497007,3.8,36.2985,,,-0.7399999999999993,
1968-01-31,,,,6.84,6.17,3.659987292,3.7,36.2595,,,-0.6699999999999999,
1968-02-29,,,,6.8,6.1,3.682012499,3.8,36.3894,,,-0.7000000000000002,
1968-03-31,,,,6.85,6.11,4.151667589,3.7,36.503,,,-0.7399999999999993,
1968-04-30,,,,6.97,6.21,4.165427174,3.5,36.5558,,,-0.7599999999999998,
1968-05-31,,,,7.03,6.27,4.097704474,3.5,36.9659,,,-0.7600000000000007,
1968-06-30,,,,7.07,6.28,4.557597098,3.7,37.1017,,,-0.79,
1968-07-31,,,,6.98,6.24,4.766361188,3.7,37.0448,,,-0.7400000000000002,
1968-08-31,,,,6.82,6.02,4.960194431,3.5,37.1482,,,-0.8000000000000007,
1968-09-30,,,,6.79,5.97,4.961849181,3.4,37.2889,,,-0.8200000000000003,
1968-10-31,,,,6.84,6.09,5.198351909,3.4,37.3629,,,-0.75,
1968-11-30,,,,7.01,6.19,5.414944837,3.4,37.8462,,,-0.8199999999999994,
1968-12-31,,,,7.23,6.45,5.72486893,3.4,37.9657,,,-0.7800000000000002,0.5259098627522945
1969-01-31,,,,7.32,6.59,5.765763045,3.4,38.1954,,,-0.7300000000000004,0.45447782788236024
1969-02-28,,,,7.3,6.66,5.769158001,3.4,38.4398,,,-0.6399999999999997,0.4490666654076152
1969-03-31,,,,7.51,6.85,6.143376532,3.4,38.7412,,,-0.6600000000000001,0.39186443257909964
1969-04-30,,,,7.54,6.89,6.524447618,3.4,38.5987,,,-0.6500000000000004,0.4487374602352867
1969-05-31,,,,7.52,6.79,6.799346963,3.4,38.4528,,,-0.7299999999999995,0.5063996401912518
1969-06-30,,,,7.7,6.98,6.392103407,3.5,38.8285,,,-0.7199999999999998,0.33826785345361343
1969-07-31,,,,7.84,7.08,6.404961413,3.5,39.0334,,,-0.7599999999999998,0.29548975070788774
1969-08-31,,,,7.86,6.97,6.430385766,3.5,39.1231,,,-0.8900000000000006,0.25958959139527193
1969-09-30,,,,8.05,7.14,6.850795793,3.7,39.1143,,,-0.910000000000001,0.32258632967982837
1969-10-31,,,,8.22,7.33,6.574721234,3.7,39.1258,,,-0.8900000000000006,0.2348905445201117
1969-11-30,,,,8.25,7.35,6.451706907,3.5,38.757,,,-0.9000000000000004,0.17518203921362052
1969-12-31,,,,8.65,7.72,6.425116862,3.5,38.653,,,-0.9300000000000006,0.11539516439892417
1970-01-31,,,,8.86,7.91,6.628279061,3.9,37.9372,,,-0.9499999999999993,0.13940769886896232
1970-02-28,,,,8.78,7.93,7.09144749,4.2,37.9122,,,-0.8499999999999996,0.20636333625052639
1970-03-31,,,,8.63,7.84,7.030543696,4.4,37.863,,,-0.7900000000000009,0.1348895274497124
1970-04-30,,,,8.7,7.83,6.855423125,4.6,37.7656,,,-0.8699999999999992,0.049483742747598036
1970-05-31,,,,8.98,8.11,6.98585698,4.8,37.7216,,,-0.870000000000001,0.02706110108428228
1970-06-30,,,,9.25,8.48,7.191308106,4.9,37.5996,,,-0.7699999999999996,0.11780970336123775
1970-07-31,,,,9.4,8.44,7.04714037,5.0,37.6919,,,-0.9600000000000009,0.09554900244256914
1970-08-31,,,,9.44,8.13,7.154475413,5.1,37.6247,,,-1.3099999999999987,0.1067035616181673
1970-09-30,,,,9.39,8.09,7.121184091,5.4,37.3654,,,-1.3000000000000007,0.03870919682546248
1970-10-31,,,,9.33,8.03,7.097174731,5.5,36.6179,,,-1.3000000000000007,0.07646460034846503
1970-11-30,,,,9.38,8.05,7.376794582,5.9,36.3961,,,-1.33,0.1339944732359757
1970-12-31,,,,9.12,7.64,7.381000774,6.1,37.232,,,-1.4799999999999995,0.13869441639774505
1971-01-31,,,,8.74,7.36,7.042661405,5.9,37.5184,,,-1.38,0.06064093718618424
1971-02-28,,,,8.39,7.08,6.360389898,5.9,37.4469,,,-1.3100000000000005,-0.10879979889579894
1971-03-31,,,,8.46,7.21,5.533559236,6.0,37.4063,,,-1.2500000000000009,-0.23943281059042554
1971-04-30,,,,8.45,7.25,5.338291383,5.9,37.6164,,,-1.1999999999999993,-0.2501344000857917
1971-05-31,,,,8.62,7.53,5.094236396,5.9,37.8073,,,-1.089999999999999,-0.3157778915682121
1971-06-30,,,,8.75,7.64,5.273268229,5.9,37.9658,,,-1.1100000000000003,-0.31022276161936446
1971-07-31,,,,8.76,7.64,5.199542864,6.0,37.8556,,,-1.12,-0.3040512023072466
1971-08-31,,,,8.76,7.59,4.947926701,6.1,37.6359,,,-1.17,-0.3687694522240428
1971-09-30,,,,8.59,7.44,4.707522595,6.0,38.2476,,,-1.1499999999999995,-0.4139122351872606
1971-10-31,,,,8.48,7.39,4.41123702,5.8,38.5339,,,-1.0900000000000007,-0.4755416261163645
1971-11-30,,,,8.38,7.26,3.978662385,6.0,38.6974,,,-1.120000000000001,-0.6173935271411661
1971-12-31,,,,8.38,7.25,3.708040621,6.0,39.1441,,,-1.1300000000000008,-0.6884056330459023
1972-01-31,,,,8.23,7.19,3.755946258,5.8,40.0823,,,-1.04,-0.6286458862766637
1972-02-29,,,,8.23,7.27,3.864643731,5.7,40.485,,,-0.9600000000000009,-0.4982201806657409
1972-03-31,,,,8.24,7.24,4.078580445,5.8,40.7718,,,-1.0,-0.3050822339168964
1972-04-30,,,,8.24,7.3,3.991015808,5.7,41.1759,,,-0.9400000000000004,-0.2908598490710059
1972-05-31,,,,8.23,7.3,3.880713129,5.7,41.1792,,,-0.9300000000000006,-0.2720908493527856
1972-06-30,,,,8.2,7.23,3.504240606,5.7,41.2864,,,-0.9699999999999989,-0.4086764908280711
1972-07-31,,,,8.23,7.21,3.481835749,5.6,41.2475,,,-1.0200000000000005,-0.4010110421735711
1972-08-31,,,,8.19,7.19,3.380601319,5.6,41.8173,,,-0.9999999999999991,-0.38091504185503755
1972-09-30,,,,8.09,7.22,3.137835466,5.5,42.1375,,,-0.8700000000000001,-0.40562856114874846
1972-10-31,,,,8.06,7.21,3.344140047,5.6,42.6806,,,-0.8500000000000005,-0.27694557909715023
1972-11-30,,,,7.99,7.12,3.281095844,5.3,43.1838,,,-0.8700000000000001,-0.1927682132585795
1972-12-31,,,,7.93,7.08,3.153985901,5.2,43.669,,,-0.8499999999999996,-0.16183658427156766
1973-01-31,,,,7.9,7.15,2.847928102,4.9,43.9874,,,-0.75,-0.27674850479014546
1973-02-28,,,,7.97,7.22,2.886258664,5.0,44.6275,,,-0.75,-0.29190841602318196
1973-03-31,,,,8.03,7.29,2.934248028,4.9,44.6439,,,-0.7399999999999993,-0.329297785792112
1973-04-30,,,,8.09,7.26,3.036614659,5.0,44.5779,,,-0.8300000000000001,-0.2733024910779236
1973-05-31,,,,8.06,7.29,3.180735955,4.9,44.8726,,,-0.7700000000000005,-0.19890633047508444
1973-06-30,,,,8.13,7.37,3.104206448,4.9,44.9269,,,-0.7600000000000007,-0.12121572639408895
1973-07-31,,,,8.24,7.45,3.018552356,4.8,45.0921,,,-0.79,-0.14278230463735442
1973-08-31,,,,8.53,7.68,3.329072164,4.8,45.0305,,,-0.8499999999999996,-0.015359962962758544
1973-09-30,,,,8.63,7.63,3.952644678,4.8,45.3912,,,-1.0000000000000009,0.2308516734296706
1973-10-31,,,,8.41,7.6,4.775638756,4.6,45.7542,,,-0.8100000000000005,0.35631816144697726
1973-11-30,,,,8.42,7.67,4.938670847,4.8,45.9606,,,-0.75,0.4089187703071693
1973-12-31,,,,8.48,7.68,5.319843098,4.9,45.8321,,,-0.8000000000000007,0.5227767917272077
1974-01-31,,,,8.48,7.83,5.857506965,5.1,45.5297,,,-0.6500000000000004,0.7211323323261467
1974-02-28,,,,8.53,7.85,6.303969131,5.2,45.3982,,,-0.6799999999999997,0.7812183723103236
1974-03-31,,,,8.62,8.01,6.831393725,5.1,45.3907,,,-0.6099999999999994,0.845077500127488
1974-04-30,,,,8.87,8.25,7.120384207,5.1,45.253,,,-0.6199999999999992,0.8522183897324289
1974-05-31,,,,9.05,8.37,7.749650582,5.1,45.6185,,,-0.6800000000000015,0.8905351537496162
1974-06-30,,,,9.27,8.47,8.640321526,5.4,45.5354,,,-0.7999999999999989,1.0236816853624222
1974-07-31,,,,9.48,8.72,9.552860371,5.5,45.6196,,,-0.7599999999999998,1.1520632607920007
1974-08-31,,,,9.77,9.0,10.130319088,5.5,45.1411,,,-0.7699999999999996,1.1128391813349507
1974-09-30,,,,10.18,9.24,10.621603911,5.9,45.1475,,,-0.9399999999999995,0.9885051382052861
1974-10-31,,,,10.48,9.27,10.591306867,6.0,45.0063,,,-1.2100000000000009,0.7965058218833834
1974-11-30,,,,10.6,8.89,11.017162794,6.6,43.5222,,,-1.709999999999999,0.8023580751815691
1974-12-31,,,,10.63,8.89,11.527439415,7.2,41.9572,,,-1.7400000000000002,0.7732864193305167
1975-01-31,,,,10.81,8.83,11.65667686,8.1,41.3766,,,-1.9800000000000004,0.688155056397675
1975-02-28,,,,10.65,8.62,11.816414421,8.1,40.4317,,,-2.030000000000001,0.6283101616699833
1975-03-31,,,,10.48,8.67,11.603717425,8.6,39.9919,,,-1.8100000000000005,0.5297968023832853
1975-04-30,,,,10.58,8.95,11.729239119,8.8,40.066,,,-1.6300000000000008,0.4991231086957595
1975-05-31,,,,10.69,8.9,10.951529411,9.0,39.9521,,,-1.7899999999999991,0.34583136259139957
1975-06-30,,,,10.62,8.77,10.45505733,8.8,40.2049,,,-1.8499999999999996,0.19064602058531976
1975-07-31,,,,10.55,8.84,9.787927045,8.6,40.6187,,,-1.7100000000000009,0.024309067103292392
1975-08-31,,,,10.59,8.95,8.938380195,8.4,41.0204,,,-1.6400000000000006,-0.12517843054587985
1975-09-30,,,,10.61,8.95,8.554354053,8.4,41.5526,,,-1.6600000000000001,-0.2164496325195735
1975-10-31,,,,10.62,8.86,8.142102792,8.4,41.7303,,,-1.7599999999999998,-0.2629850828506233
1975-11-30,,,,10.56,8.78,8.13591166,8.3,41.7882,,,-1.7800000000000011,-0.3031665100948353
1975-12-31,,,,10.56,8.79,7.727553082,8.2,42.3527,,,-1.7700000000000014,-0.3999379651582049
1976-01-31,,,,10.41,8.6,7.741363545,7.9,42.9179,,,-1.8100000000000005,-0.4093012961801983
1976-02-29,,,,10.24,8.55,7.425762409,7.7,43.3469,,,-1.6899999999999995,-0.46453425671714266
1976-03-31,,,,10.12,8.52,7.388426262,7.6,43.4396,,,-1.5999999999999996,-0.45141075723840185
1976-04-30,,,,9.94,8.4,6.899629973,7.7,43.6562,,,-1.5399999999999991,-0.5306170112572894
1976-05-31,,,,9.86,8.58,7.018298581,7.4,43.842,,,-1.2799999999999994,-0.4449582974636115
1976-06-30,,,,9.89,8.62,6.922850698,7.6,43.8892,,,-1.2700000000000014,-0.4122581809870107
1976-07-31,,,,9.82,8.56,7.140992224,7.8,44.1328,,,-1.2599999999999998,-0.31529795839488006
1976-08-31,,,,9.64,8.45,7.405380061,7.8,44.4373,,,-1.1900000000000013,-0.1881476152093211
1976-09-30,,,,9.4,8.38,7.125381525,7.6,44.5848,,,-1.0199999999999996,-0.18277712720233308
1976-10-31,,,,9.29,8.32,6.910786682,7.7,44.5707,,,-0.9699999999999989,-0.16396499672089782
1976-11-30,,,,9.23,8.25,6.633941823,7.8,45.2543,,,-0.9800000000000004,-0.20408862980611642
1976-12-31,,,,9.12,7.98,6.218614511,7.8,45.7422,,,-1.1399999999999988,-0.21724512972225662
1977-01-31,,,,9.08,7.96,6.062302309,7.5,45.4293,,,-1.12,-0.2444881937832406
1977-02-28,,,,9.12,8.04,6.063399587,7.6,46.1459,,,-1.08,-0.20268473002409548
1977-03-31,,,,9.12,8.1,6.112229251,7.4,46.7314,,,-1.0199999999999996,-0.18962319770249403
1977-04-30,,,,9.07,8.04,6.591159521,7.2,47.188,,,-1.0300000000000011,-0.04573849843370681
1977-05-31,,,,9.01,8.05,6.751544987,7.0,47.552,,,-0.9599999999999991,-0.038749455626305496
1977-06-30,,,,8.91,7.95,6.930956833,7.2,47.9155,,,-0.96,0.0011702394315709075
1977-07-31,,,,8.87,7.94,6.892219332,6.9,47.9773,,,-0.9299999999999988,-0.035458591340019385
1977-08-31,,,,8.82,7.98,6.843199666,7.0,48.0266,,,-0.8399999999999999,-0.07895136163535077
1977-09-30,,,,8.8,7.92,6.883555545,6.8,48.2179,,,-0.8800000000000008,-0.034527959305078904
1977-10-31,,,,8.89,8.04,6.96244877,6.8,48.295,,,-0.8500000000000014,0.007447769049023778
1977-11-30,,,,8.95,8.08,7.010588577,6.8,48.3823,,,-0.8699999999999992,0.055222489038257994
1977-12-31,,,,8.99,8.19,7.387469073,6.4,48.4679,,,-0.8000000000000007,0.17223806181597223
1978-01-31,,,,9.17,8.41,7.395951567,6.4,47.7604,,,-0.7599999999999998,0.19884311805650556
1978-02-28,,,,9.2,8.47,7.365140892,6.3,48.0271,,,-0.7299999999999986,0.1944875489304183
1978-03-31,,,,9.22,8.47,7.457868288,6.3,48.9459,,,-0.75,0.1989780615968475
1978-04-30,,,,9.32,8.56,7.437211324,6.1,49.9198,,,-0.7599999999999998,0.1207666719085767
1978-05-31,,,,9.49,8.69,7.667650906,6.0,50.1602,,,-0.8000000000000007,0.1272389324078569
1978-06-30,,,,9.6,8.76,7.705467144,5.9,50.4826,,,-0.8399999999999999,0.10593222080606801
1978-07-31,,,,9.6,8.88,7.939210957,6.2,50.4464,,,-0.7199999999999989,0.14142075232501705
1978-08-31,,,,9.48,8.69,8.204046896,5.9,50.6531,,,-0.7900000000000009,0.18137214674684832
1978-09-30,,,,9.42,8.69,8.605577994,6.0,50.7724,,,-0.7300000000000004,0.22327528417586784
1978-10-31,,,,9.59,8.89,9.062421667,5.8,51.1649,,,-0.6999999999999993,0.2636051292649533
1978-11-30,,,,9.83,9.03,9.237557806,5.9,51.5582,,,-0.8000000000000007,0.2758558840044467
1978-12-31,,,,9.94,9.16,9.071115875,6.0,51.8153,,,-0.7799999999999994,0.205310089449257
1979-01-31,,,,10.13,9.25,9.083750922,5.9,51.5359,,,-0.8800000000000008,0.20555443948494956
1979-02-28,,,,10.08,9.26,9.586034706,5.9,51.7994,,,-0.8200000000000003,0.26354914154857867
1979-03-31,,,,10.26,9.37,9.689852424,5.8,51.9544,,,-0.8900000000000006,0.2618095749634519
1979-04-30,,,,10.33,9.38,9.934098639,5.8,51.334,,,-0.9499999999999993,0.2894771895314787
1979-05-31,,,,10.47,9.5,10.09794116,5.6,51.7922,,,-0.9700000000000006,0.2753212594586989
1979-06-30,,,,10.38,9.29,10.284819787,5.7,51.7961,,,-1.0900000000000016,0.2887389054093674
1979-07-31,,,,10.29,9.2,10.521237318,5.7,51.7124,,,-1.0899999999999999,0.2815819215445803
1979-08-31,,,,10.35,9.23,10.954395743,6.0,51.3766,,,-1.1199999999999992,0.2891132569950634
1979-09-30,,,,10.54,9.44,11.002540622,5.9,51.3741,,,-1.0999999999999996,0.2457156148059627
1979-10-31,,,,11.4,10.13,11.279514365,6.0,51.7268,,,-1.2699999999999996,0.2188518158928323
1979-11-30,,,,11.99,10.76,11.951758189,5.9,51.6422,,,-1.2300000000000004,0.2576008523332902
1979-12-31,,,,12.06,10.74,12.761858458,6.0,51.6763,,,-1.3200000000000003,0.34136562871303466
1980-01-31,,,,12.42,11.09,13.499249243,6.3,51.9545,,,-1.33,0.39614686781973507
1980-02-29,,,,13.57,12.38,13.627778119,6.3,51.9779,,,-1.1899999999999995,0.351802897187909
1980-03-31,,,,14.45,12.96,14.361385885,6.3,51.7565,,,-1.4899999999999984,0.39346387299543206
1980-04-30,,,,14.19,12.04,14.786779517,6.9,50.7369,,,-2.1500000000000004,0.3977603596129118
1980-05-31,,,,13.17,10.99,15.147255922,7.5,49.49,,,-2.1799999999999997,0.4054878307657961
1980-06-30,,,,12.71,10.58,15.810582065,7.6,48.8505,,,-2.130000000000001,0.4300104657729378
1980-07-31,,,,12.65,11.07,14.178529783,7.8,48.4997,,,-1.58,0.29833301711569105
1980-08-31,,,,13.15,11.64,13.314194421,7.7,48.6554,,,-1.5099999999999998,0.1950899023960364
1980-09-30,,,,13.7,12.02,13.136608244,7.5,49.4677,,,-1.6799999999999997,0.17727664346499505
1980-10-31,,,,14.23,12.31,13.133051948,7.5,50.0947,,,-1.92,0.15214390973217595
1980-11-30,,,,14.64,12.97,12.91869716,7.5,50.9311,,,-1.67,0.07779725791882086
1980-12-31,,,,15.14,13.21,12.732242952,7.2,51.2644,,,-1.9299999999999997,-0.0023233232539037196
1981-01-31,,,,15.03,12.81,12.062863603,7.5,50.9453,,,-2.219999999999999,-0.1125024628036786
1981-02-28,,,,15.37,13.35,11.274926046,7.4,50.7332,,,-2.0199999999999996,-0.1895288921528575
1981-03-31,,,,15.34,13.33,10.363727852,7.4,50.9922,,,-2.01,-0.32623106567905014
1981-04-30,,,,15.56,13.88,9.752589153,7.2,50.778,,,-1.6799999999999997,-0.41620070177270163
1981-05-31,,,,15.95,14.32,9.645887355,7.5,51.0667,,,-1.629999999999999,-0.45128774460811005
1981-06-30,,,,15.8,13.75,9.250210999,7.5,51.3355,,,-2.0500000000000007,-0.5360331048323372
1981-07-31,,,,16.17,14.38,11.274384726,7.2,51.6646,,,-1.790000000000001,-0.2291955191448678
1981-08-31,,,,16.34,14.89,11.853018154,7.4,51.6049,,,-1.4499999999999993,-0.11624818412931148
1981-09-30,,,,16.92,15.49,12.262533118,7.6,51.3527,,,-1.4300000000000015,-0.06885432958910576
1981-10-31,,,,17.11,15.4,11.298313544,7.9,50.9581,,,-1.709999999999999,-0.15047863144055418
1981-11-30,,,,16.39,14.22,10.554645194,8.3,50.3634,,,-2.17,-0.20210958849449367
1981-12-31,,,,16.55,14.23,9.884984782,8.5,49.8181,,,-2.3200000000000003,-0.25312067411880657
1982-01-31,,,,17.1,15.18,9.499196473,8.6,48.7979,,,-1.9200000000000017,-0.23892439622491146
1982-02-28,,,,17.18,15.27,9.56769049,8.9,49.7942,,,-1.9100000000000001,-0.1641894780222728
1982-03-31,,,,16.82,14.58,8.920648287,9.0,49.459,,,-2.24,-0.14994338151591657
1982-04-30,,,,16.78,14.46,9.112202163,9.3,49.0072,,,-2.3200000000000003,-0.06791839155415458
1982-05-31,,,,16.64,14.26,9.08479885,9.4,48.6784,,,-2.380000000000001,-0.059929082969576886
1982-06-30,,,,16.92,14.81,8.909836827,9.6,48.5529,,,-2.110000000000001,-0.03749043411986541
1982-07-31,,,,16.8,14.61,7.912560428,9.8,48.3859,,,-2.1900000000000013,-0.35408188967251286
1982-08-31,,,,16.32,13.71,7.351467333,9.8,47.9495,,,-2.6099999999999994,-0.47768260124880735
1982-09-30,,,,15.63,12.94,6.003409335,10.1,47.8258,,,-2.6900000000000013,-0.7142209952913878
1982-10-31,,,,14.73,12.12,6.000904404,10.4,47.3656,,,-2.610000000000001,-0.6327432788176848
1982-11-30,,,,14.3,11.68,5.327823771,10.8,47.2148,,,-2.620000000000001,-0.6836232090885279
1982-12-31,,,,14.14,11.83,4.518985485,10.8,46.8797,,,-2.3100000000000005,-0.7827293986869157
1983-01-31,,,,13.94,11.79,4.695598354,10.4,47.7491,,,-2.1500000000000004,-0.7045816637585434
1983-02-28,,,,13.95,12.01,4.62783567,10.4,47.4548,,,-1.9399999999999995,-0.7263025473096003
1983-03-31,,,,13.61,11.73,4.855813143,10.3,47.8516,,,-1.879999999999999,-0.6081920484618171
1983-04-30,,,,13.29,11.51,4.456933531,10.2,48.4511,,,-1.7799999999999994,-0.7151534318976314
1983-05-31,,,,13.09,11.46,3.549623729,10.1,48.7542,,,-1.629999999999999,-0.9397609546726344
1983-06-30,,,,13.37,11.74,2.843739681,10.1,49.0496,,,-1.629999999999999,-1.1420359527958117
1983-07-31,,,,13.39,12.15,2.630755198,9.4,49.7773,,,-1.2400000000000002,-1.1011804719719192
1983-08-31,,,,13.64,12.51,2.553400975,9.5,50.3727,,,-1.1300000000000008,-1.0574737441949034
1983-09-30,,,,13.55,12.37,2.944004571,9.2,51.098,,,-1.1800000000000015,-0.7125567768358985
1983-10-31,,,,13.46,12.25,3.09331236,8.8,51.4993,,,-1.2100000000000009,-0.6626677139342267
1983-11-30,,,,13.61,12.41,3.751793567,8.5,51.727,,,-1.1999999999999993,-0.3507088465034889
1983-12-31,,,,13.75,12.57,4.465480085,8.3,51.9886,,,-1.1799999999999997,-0.011910788045270015
1984-01-31,,,,13.65,12.2,4.485762548,8.0,53.0175,,,-1.450000000000001,-0.045717046571940756
1984-02-29,,,,13.59,12.08,4.524563869,7.8,53.2651,,,-1.5099999999999998,-0.022568110956918686
1984-03-31,,,,13.99,12.57,4.65415841,7.8,53.5145,,,-1.42,-0.04241547171595239
1984-04-30,,,,14.31,12.81,4.646319003,7.7,53.8319,,,-1.5,0.041614313392211555
1984-05-31,,,,14.74,13.28,4.708074066,7.4,54.1204,,,-1.4600000000000009,0.2824373151811015
1984-06-30,,,,15.05,13.55,4.787485493,7.2,54.3133,,,-1.5,0.5208853492682066
1984-07-31,,,,15.15,13.44,4.897092721,7.5,54.4644,,,-1.7100000000000009,0.621370754287157
1984-08-31,,,,14.63,12.87,5.032939607,7.5,54.53,,,-1.7600000000000016,0.6785780420704387
1984-09-30,,,,14.35,12.66,5.140612141,7.3,54.3775,,,-1.6899999999999995,0.5574014124408821
1984-10-31,,,,13.94,12.63,5.103857709,7.4,54.3528,,,-1.3099999999999987,0.5007541893885596
1984-11-30,,,,13.48,12.29,4.968986894,7.2,54.5344,,,-1.1900000000000013,0.2809819648898155
1984-12-31,,,,13.4,12.13,5.052939222,7.3,54.5608,,,-1.2699999999999996,0.12359336775040553
1985-01-31,,,,13.26,12.08,4.726710471,7.3,54.5342,,,-1.1799999999999997,0.05232099697305448
1985-02-28,,,,13.23,12.13,4.871701461,7.2,54.7019,,,-1.0999999999999996,0.07392206208692587
1985-03-31,,,,13.69,12.56,4.962072036,7.2,54.7739,,,-1.129999999999999,0.06406230100944854
1985-04-30,,,,13.51,12.23,4.754134291,7.3,54.6662,,,-1.2799999999999994,0.022939322689953467
1985-05-31,,,,13.15,11.72,5.037120921,7.2,54.7472,,,-1.4299999999999997,0.06755575180697049
1985-06-30,,,,12.4,10.94,5.05654234,7.4,54.7211,,,-1.4600000000000009,0.05467759338642253
1985-07-31,,,,12.43,10.97,4.948295318,7.4,54.4381,,,-1.459999999999999,0.010401430279713075
1985-08-31,,,,12.5,11.05,4.94547442,7.1,54.619,,,-1.4499999999999993,-0.017531328512844002
1985-09-30,,,,12.48,11.07,4.7871651,7.1,54.82,,,-1.4100000000000001,-0.07123376689843486
1985-10-31,,,,12.36,11.02,4.891950804,7.1,54.6304,,,-1.3399999999999999,-0.042405505967442636
1985-11-30,,,,11.99,10.55,5.149995169,7.0,54.8176,,,-1.4399999999999995,0.035779801553074586
1985-12-31,,,,11.58,10.16,5.030732007,7.0,55.3596,,,-1.42,-0.004404596381257342
1986-01-31,,,,11.44,10.05,5.296961132,6.7,55.6511,,,-1.3899999999999988,0.11390378491477549
1986-02-28,,,,11.11,9.67,5.124947576,7.2,55.27,,,-1.4399999999999995,0.050677043846700576
1986-03-31,,,,10.5,9.0,5.229854261,7.2,54.8828,,,-1.5,0.052560009025501175
1986-04-30,,,,10.19,8.79,5.370857251,7.1,54.9456,,,-1.4000000000000004,0.12197291629714457
1986-05-31,,,,10.29,9.09,5.040741681,7.2,55.0535,,,-1.1999999999999993,0.0007185571581562744
1986-06-30,,,,10.34,9.13,5.042080888,7.2,54.837,,,-1.209999999999999,-0.0028640462286426693
1986-07-31,,,,10.16,8.88,4.975291061,7.0,55.1716,,,-1.2799999999999994,0.005440736556740378
1986-08-31,,,,10.18,8.72,4.838260997,6.9,55.0792,,,-1.459999999999999,-0.021917541780449357
1986-09-30,,,,10.2,8.89,4.962973389,7.0,55.2317,,,-1.3099999999999987,0.03606663565570445
1986-10-31,,,,10.24,8.86,4.897657302,7.0,55.4645,,,-1.3800000000000008,0.0011658278011836831
1986-11-30,,,,10.07,8.68,4.591247998,6.9,55.6854,,,-1.3900000000000006,-0.11484389451213595
1986-12-31,,,,9.97,8.49,4.64519092,6.6,56.212,,,-1.4800000000000004,-0.07973302807243621
1987-01-31,,,,9.72,8.36,4.481798225,6.6,56.0012,,,-1.3600000000000012,-0.16710892939652244
1987-02-28,,,,9.65,8.38,4.44093159,6.6,56.7438,,,-1.2699999999999996,-0.14325612389591025
1987-03-31,,,,9.61,8.36,4.263792189,6.6,56.8235,,,-1.25,-0.20422446221031398
1987-04-30,,,,10.04,8.85,4.358079784,6.3,57.1954,,,-1.1899999999999995,-0.20895598900251833
1987-05-31,,,,10.51,9.33,4.416917659,6.3,57.5498,,,-1.1799999999999997,-0.13211113958275922
1987-06-30,,,,10.52,9.32,4.175391862,6.2,57.8603,,,-1.1999999999999993,-0.18861065841718583
1987-07-31,,,,10.61,9.42,4.166490008,6.1,58.2501,,,-1.1899999999999995,-0.17740991696151798
1987-08-31,,,,10.8,9.67,4.280898407,6.0,58.6889,,,-1.1300000000000008,-0.12239246228136569
1987-09-30,,,,11.31,10.18,4.291035748,5.9,58.9137,,,-1.1300000000000008,-0.14547689781315487
1987-10-31,,,,11.62,10.52,4.343067431,6.0,59.7083,,,-1.0999999999999996,-0.1201761093604845
1987-11-30,,,,11.23,10.01,4.314664296,5.8,60.0022,,,-1.2200000000000006,-0.0621323599006991
1987-12-31,,,,11.29,10.11,4.302583149,5.7,60.3336,,,-1.1799999999999997,-0.07661689902395619
1988-01-31,,,,11.07,9.88,4.383640423,5.7,60.3186,,,-1.1899999999999995,-0.022144829419832757
1988-02-29,,,,10.62,9.4,4.386553409,5.7,60.6209,,,-1.2199999999999989,-0.012320353724339483
1988-03-31,,,,10.57,9.39,4.451939222,5.7,60.7591,,,-1.1799999999999997,0.04318083196557132
1988-04-30,,,,10.9,9.67,4.388452903,5.4,61.1144,,,-1.2300000000000004,0.006945207244149598
1988-05-31,,,,11.04,9.9,4.445286952,5.6,60.9952,,,-1.1399999999999988,0.006402332410417655
1988-06-30,,,,11.0,9.86,4.685384324,5.4,61.1697,,,-1.1400000000000006,0.11523973213673822
1988-07-31,,,,11.11,9.96,4.712055892,5.4,61.1749,,,-1.1499999999999986,0.12305035124749653
1988-08-31,,,,11.21,10.11,4.685749317,5.6,61.4851,,,-1.1000000000000014,0.09036294675222623
1988-09-30,,,,10.9,9.82,4.73102913,5.4,61.2844,,,-1.08,0.09761461699079876
1988-10-31,,,,10.41,9.51,4.616281806,5.4,61.5595,,,-0.9000000000000004,0.061008697372606946
1988-11-30,,,,10.48,9.45,4.751873732,5.3,61.7128,,,-1.0300000000000011,0.09651948795437493
1988-12-31,,,,10.65,9.57,4.798725378,5.3,61.9983,,,-1.08,0.1091347617425309
1989-01-31,,,,10.65,9.62,4.756783262,5.4,62.1789,,,-1.0300000000000011,0.08169212852263241
1989-02-28,,,,10.61,9.64,4.792426849,5.2,61.9074,,,-0.9699999999999989,0.08849311390133208
1989-03-31,,,,10.67,9.8,4.760352769,5.0,62.0592,,,-0.8699999999999992,0.0669819951534456
1989-04-30,,,,10.61,9.79,4.627130987,5.2,62.0424,,,-0.8200000000000003,0.05296026771633544
1989-05-31,,,,10.46,9.57,4.751380664,5.2,61.6948,,,-0.8900000000000006,0.06659081890391061
1989-06-30,,,,10.03,9.1,4.753801306,5.3,61.6915,,,-0.9299999999999997,0.014496627747924595
1989-07-31,,,,9.87,8.93,4.905247602,5.2,61.0978,,,-0.9399999999999995,0.04018126334516392
1989-08-31,,,,9.88,8.96,4.865522153,5.2,61.6949,,,-0.9199999999999999,0.03764819585147139
1989-09-30,,,,9.91,9.01,4.684441734,5.3,61.4839,,,-0.9000000000000004,-0.009896005599269397
1989-10-31,,,,9.81,8.92,4.81739966,5.3,61.4105,,,-0.8900000000000006,0.04264471569004047
1989-11-30,,,,9.81,8.89,4.811218772,5.4,61.6172,,,-0.9199999999999999,0.012411424815321759
1989-12-31,,,,9.82,8.86,4.842735403,5.4,61.9635,,,-0.9600000000000009,0.009129390591329889
1990-01-31,,,,9.94,8.99,4.92058886,5.4,61.644,,,-0.9499999999999993,0.03385655583076708
1990-02-28,,,,10.14,9.22,4.935526464,5.3,62.2108,,,-0.9199999999999999,0.029422414650769557
1990-03-31,,,,10.21,9.37,5.208700881,5.2,62.5068,,,-0.8400000000000016,0.0900086969847822
1990-04-30,,,,10.3,9.46,5.294133558,5.4,62.3597,,,-0.8399999999999999,0.1346623128737039
1990-05-31,,,,10.41,9.47,5.183754067,5.4,62.5474,,,-0.9399999999999995,0.0870942752286985
1990-06-30,,,,10.22,9.26,5.388456883,5.2,62.7541,,,-0.9600000000000009,0.12531447840784948
1990-07-31,,,,10.2,9.24,5.535071884,5.5,62.6497,,,-0.9599999999999991,0.12079898199482386
1990-08-31,,,,10.41,9.41,5.855903558,5.7,62.8761,,,-1.0,0.18527626925529717
1990-09-30,,,,10.64,9.56,5.948660349,5.9,62.896,,,-1.08,0.23891929448717186
1990-10-31,,,,10.74,9.53,5.817450968,5.9,62.506,,,-1.2100000000000009,0.18862789493702836
1990-11-30,,,,10.62,9.3,5.70341926,6.2,61.7271,,,-1.3199999999999985,0.1701154301919363
1990-12-31,,,,10.43,9.05,5.672549361,6.3,61.2939,,,-1.379999999999999,0.1581589124494358
1991-01-31,,,,10.45,9.04,5.839029006,6.4,61.0931,,,-1.4100000000000001,0.17113630658633538
1991-02-28,,,,10.07,8.83,5.883436919,6.6,60.6522,,,-1.2400000000000002,0.1756817543542608
1991-03-31,,,,10.09,8.93,5.496431415,6.8,60.3069,,,-1.1600000000000001,0.053768574401953595
1991-04-30,,,,9.94,8.86,5.302381155,6.7,60.4658,,,-1.08,0.0015566625232623643
1991-05-31,,,,9.86,8.86,5.248477287,6.9,61.0671,,,-1.0,0.01240847681689905
1991-06-30,,,,9.96,9.01,4.959978472,6.9,61.5611,,,-0.9500000000000011,-0.08285765094767572
1991-07-31,,,,9.89,9.0,4.735708693,6.8,61.723,,,-0.8900000000000006,-0.15597316663825422
1991-08-31,,,,9.65,8.75,4.413788018,6.9,61.736,,,-0.9000000000000004,-0.2827170258420266
1991-09-30,,,,9.51,8.61,4.465741661,6.9,62.2464,,,-0.9000000000000004,-0.2867307367569836
1991-10-31,,,,9.49,8.55,4.310597235,7.0,62.1825,,,-0.9399999999999995,-0.2997857236747483
1991-11-30,,,,9.45,8.48,4.370003221,7.0,62.0983,,,-0.9699999999999989,-0.26630211898758516
1991-12-31,,,,9.26,8.31,4.366592403,7.3,61.8108,,,-0.9499999999999993,-0.26165570499315116
1992-01-31,,,,9.13,8.2,4.069913371,7.3,61.4898,,,-0.9300000000000015,-0.3609428024591106
1992-02-29,,,,9.23,8.29,3.878184354,7.4,61.9299,,,-0.9400000000000013,-0.4167740070726844
1992-03-31,,,,9.25,8.35,3.990512759,7.4,62.449,,,-0.9000000000000004,-0.3201793143459175
1992-04-30,,,,9.21,8.33,4.077543119,7.4,62.9312,,,-0.8800000000000008,-0.2626613638736288
1992-05-31,,,,9.13,8.28,3.937860894,7.6,63.1359,,,-0.8500000000000014,-0.2873003383915229
1992-06-30,,,,9.05,8.22,3.875841001,7.8,63.1736,,,-0.8300000000000001,-0.24663872863154657
1992-07-31,,,,8.84,8.07,3.785344226,7.7,63.7408,,,-0.7699999999999996,-0.2239945590743313
1992-08-31,,,,8.65,7.95,3.644349796,7.6,63.3917,,,-0.7000000000000002,-0.19155531465372388
1992-09-30,,,,8.62,7.92,3.363566041,7.6,63.5927,,,-0.6999999999999993,-0.28343357312401984
1992-10-31,,,,8.84,7.99,3.654950596,7.3,64.0282,,,-0.8499999999999996,-0.16499388783722058
1992-11-30,,,,8.96,8.1,3.649402976,7.4,64.2732,,,-0.8600000000000012,-0.18020016018168317
1992-12-31,,,,8.81,7.98,3.497528562,7.4,64.3668,,,-0.8300000000000001,-0.22192634051908255
1993-01-31,,,,8.67,7.91,3.547354737,7.3,64.6256,,,-0.7599999999999998,-0.13741953323926936
1993-02-28,,,,8.39,7.71,3.580667722,7.1,64.929,,,-0.6800000000000006,-0.07981779656633514
1993-03-31,,,,8.15,7.58,3.353160609,7.0,64.872,,,-0.5700000000000003,-0.17401636724611524
1993-04-30,,,,8.14,7.46,3.422176699,7.1,65.0611,,,-0.6800000000000006,-0.1752178200045924
1993-05-31,,,,8.21,7.43,3.551431283,7.1,64.8104,,,-0.7800000000000011,-0.10328695502803131
1993-06-30,,,,8.07,7.33,3.583428873,7.0,64.9553,,,-0.7400000000000002,-0.07844254399060069
1993-07-31,,,,7.93,7.17,3.437046316,6.9,65.1198,,,-0.7599999999999998,-0.09652435405376303
1993-08-31,,,,7.6,6.85,3.522739086,6.8,65.0494,,,-0.75,-0.033939130666356565
1993-09-30,,,,7.34,6.66,3.656038681,6.7,65.3882,,,-0.6799999999999997,0.08337850078059073
1993-10-31,,,,7.31,6.67,3.433321443,6.8,65.8702,,,-0.6399999999999997,-0.0625544329265233
1993-11-30,,,,7.66,6.93,3.445125507,6.6,66.1779,,,-0.7300000000000004,-0.057603250554418395
1993-12-31,,,,7.69,6.93,3.557822725,6.5,66.5602,,,-0.7600000000000007,0.017092169734124196
1994-01-31,,,,7.65,6.92,3.384372964,6.6,66.7722,,,-0.7300000000000004,-0.04703353160326906
1994-02-28,,,,7.76,7.08,3.424654259,6.6,66.8068,,,-0.6799999999999997,-0.04454877720467909
1994-03-31,,,,8.13,7.48,3.578833286,6.5,67.4832,,,-0.6500000000000004,0.06513348310463751
1994-04-30,,,,8.52,7.88,3.364064138,6.4,67.8771,,,-0.6399999999999997,-0.01712700239276055
1994-05-31,,,,8.62,7.99,3.238103819,6.1,68.1961,,,-0.629999999999999,-0.09236278310818147
1994-06-30,,,,8.65,7.97,3.207540833,6.1,68.6526,,,-0.6800000000000006,-0.1108155798806183
1994-07-31,,,,8.8,8.11,3.245680943,6.1,68.7353,,,-0.6900000000000013,-0.0572873015808959
1994-08-31,,,,8.74,8.07,3.318864731,6.0,69.1954,,,-0.6699999999999999,-0.05961606048382029
1994-09-30,,,,8.98,8.34,3.267212367,5.9,69.4017,,,-0.6400000000000006,-0.11244309949878573
1994-10-31,,,,9.2,8.57,3.178740091,5.8,69.969,,,-0.629999999999999,-0.07704322287134135
1994-11-30,,,,9.32,8.68,3.142092625,5.6,70.4367,,,-0.6400000000000006,-0.09207131641234167
1994-12-31,,,,9.1,8.46,2.915659975,5.5,71.1413,,,-0.6399999999999988,-0.19905256296847496
1995-01-31,,,,9.08,8.46,3.159681044,5.6,71.2762,,,-0.6199999999999992,-0.06869756255739845
1995-02-28,,,,8.85,8.26,3.139699974,5.4,71.1904,,,-0.5899999999999999,-0.08687327466792616
1995-03-31,,,,8.7,8.12,3.184482491,5.4,71.2891,,,-0.5800000000000001,-0.11674705691123921
1995-04-30,,,,8.6,8.03,3.322916117,5.8,71.1623,,,-0.5700000000000003,-0.012307062021746695
1995-05-31,,,,8.2,7.65,3.367477772,5.6,71.5044,,,-0.5499999999999989,0.039176111103739863
1995-06-30,,,,7.9,7.3,3.34707431,5.6,71.743,,,-0.6000000000000005,0.04258207605257369
1995-07-31,,,,8.04,7.41,3.402097044,5.7,71.4459,,,-0.629999999999999,0.047066847238454335
1995-08-31,,,,8.19,7.57,3.255560049,5.7,72.38,,,-0.6199999999999992,-0.019258457031946064
1995-09-30,,,,7.93,7.32,3.368207809,5.6,72.6601,,,-0.6099999999999994,0.030443661306772007
1995-10-31,,,,7.75,7.12,3.479287466,5.5,72.5428,,,-0.6299999999999999,0.09034260118632087
1995-11-30,,,,7.68,7.02,3.394879542,5.6,72.7178,,,-0.6600000000000001,0.07737926034999898
1995-12-31,,,,7.49,6.82,3.397750888,5.6,72.9672,,,-0.6699999999999999,0.15301750850832985
1996-01-31,,,,7.47,6.81,3.294296705,5.6,72.5866,,,-0.6600000000000001,0.04172161501519356
1996-02-29,,,,7.63,6.99,3.278044833,5.5,73.6389,,,-0.6399999999999997,0.043119911491794616
1996-03-31,,,,8.03,7.35,3.15123296,5.5,73.5202,,,-0.6799999999999997,-0.01049600049244126
1996-04-30,,,,8.19,7.5,3.021419042,5.6,74.2664,,,-0.6899999999999995,-0.09511614341605723
1996-05-31,,,,8.3,7.62,3.065009249,5.6,74.8145,,,-0.6800000000000006,-0.09411344153631407
1996-06-30,,,,8.4,7.71,3.066510398,5.3,75.3779,,,-0.6900000000000004,-0.0875463870400337
1996-07-31,,,,8.35,7.65,3.103134864,5.5,75.3754,,,-0.6999999999999993,-0.0919791721625498
1996-08-31,,,,8.18,7.46,3.096243134,5.1,75.7568,,,-0.7199999999999998,-0.050174834626979026
1996-09-30,,,,8.35,7.66,3.076709572,5.2,76.2304,,,-0.6899999999999995,-0.09052009034128794
1996-10-31,,,,8.07,7.39,2.957328624,5.2,76.2193,,,-0.6800000000000006,-0.16254115271949998
1996-11-30,,,,7.79,7.1,2.99348831,5.4,76.8941,,,-0.6900000000000004,-0.1258289131318533
1996-12-31,,,,7.89,7.2,3.066760867,5.4,77.3731,,,-0.6899999999999995,-0.10249179678759579
1997-01-31,,,,8.09,7.42,2.924852958,5.3,77.5138,,,-0.6699999999999999,-0.11894849342568015
1997-02-28,,,,7.94,7.31,2.815492049,5.2,78.4246,,,-0.6300000000000008,-0.15211011546666264
1997-03-31,,,,8.18,7.55,2.868448161,5.2,78.9266,,,-0.6299999999999999,-0.09402261904539388
1997-04-30,,,,8.34,7.73,2.924881516,5.1,78.9924,,,-0.6099999999999994,-0.03247262997106204
1997-05-31,,,,8.2,7.58,2.883239208,4.9,79.4411,,,-0.6199999999999992,-0.06113619988333907
1997-06-30,,,,8.02,7.41,2.841507556,5.0,79.8048,,,-0.6099999999999994,-0.07620549600421245
1997-07-31,,,,7.75,7.14,2.764311367,4.9,80.48,,,-0.6100000000000003,-0.1156212965483685
1997-08-31,,,,7.82,7.22,2.668660701,4.8,81.2862,,,-0.6000000000000005,-0.14861274784641887
1997-09-30,,,,7.7,7.15,2.558893145,4.9,82.038,,,-0.5499999999999998,-0.18428590538456724
1997-10-31,,,,7.57,7.0,2.633884037,4.7,82.7657,,,-0.5700000000000003,-0.11582679203773649
1997-11-30,,,,7.42,6.87,2.564888202,4.6,83.4321,,,-0.5499999999999998,-0.1545244745399429
1997-12-31,,,,7.32,6.76,2.636585632,4.7,83.7826,,,-0.5600000000000005,-0.1511371535306918
1998-01-31,,,,7.19,6.61,2.686312997,4.6,84.1656,,,-0.5800000000000001,-0.08507458829944292
1998-02-28,,,,7.25,6.67,2.70235568,4.6,84.3048,,,-0.5800000000000001,-0.041013174998516866
1998-03-31,,,,7.32,6.72,2.682792941,4.7,84.3416,,,-0.6000000000000005,-0.06691277904817305
1998-04-30,,,,7.33,6.69,2.650550927,4.3,84.6263,,,-0.6399999999999997,-0.09848645714126736
1998-05-31,,,,7.3,6.69,2.621199946,4.4,85.1839,,,-0.6099999999999994,-0.09528217953660012
1998-06-30,,,,7.13,6.53,2.610692088,4.5,84.6809,,,-0.5999999999999996,-0.08471938691047609
1998-07-31,,,,7.15,6.55,2.613395599,4.5,84.3448,,,-0.6000000000000005,-0.05614117887076986
1998-08-31,,,,7.14,6.52,2.643666793,4.5,86.0846,,,-0.6200000000000001,-0.009409846231123842
1998-09-30,,,,7.09,6.4,2.603431515,4.6,85.9945,,,-0.6899999999999995,0.017255588540464162
1998-10-31,,,,7.18,6.37,2.54435291,4.5,86.5967,,,-0.8099999999999996,-0.034583218574264496
1998-11-30,,,,7.34,6.41,2.531446927,4.4,86.5114,,,-0.9299999999999997,-0.01312384454035731
1998-12-31,,,,7.23,6.22,2.446189532,4.4,86.8608,,,-1.0100000000000007,-0.07495323811277887
1999-01-31,,,,7.29,6.24,2.3907588,4.3,87.2277,,,-1.0499999999999998,-0.11655881525749923
1999-02-28,,,,7.39,6.4,2.3238316,4.4,87.7266,,,-0.9899999999999993,-0.15090649160953296
1999-03-31,,,,7.53,6.62,2.2464619,4.2,87.9203,,,-0.9100000000000001,-0.17750190436463342
1999-04-30,,,,7.48,6.64,2.2358613,4.3,88.1153,,,-0.8400000000000007,-0.17014099241424208
1999-05-31,,,,7.72,6.93,2.1625267,4.2,88.6554,,,-0.79,-0.19235490101346808
1999-06-30,,,,8.02,7.23,2.0812547,4.3,88.5958,,,-0.7899999999999991,-0.22664442099759707
1999-07-31,,,,7.95,7.19,2.1244533,4.3,89.1235,,,-0.7599999999999998,-0.20713587286993795
1999-08-31,,,,8.15,7.4,2.1074137,4.2,89.5116,,,-0.75,-0.22670542915649172
1999-09-30,,,,8.2,7.39,2.0832919,4.2,89.1361,,,-0.8099999999999996,-0.22288110141833006
1999-10-31,,,,8.38,7.55,2.0639533,4.1,90.2842,,,-0.830000000000001,-0.20925313694672554
1999-11-30,,,,8.15,7.36,2.1623251,4.1,90.7631,,,-0.79,-0.15760696922723838
1999-12-31,,,,8.19,7.55,2.1818508,4.0,91.4926,,,-0.6399999999999997,-0.11435801333381668
2000-01-31,,,,8.33,7.78,2.350195,4.0,91.4251,,,-0.5499999999999998,-0.01711250165710132
2000-02-29,,,,8.29,7.68,2.3950909,4.1,91.7357,,,-0.6099999999999994,0.030203809123068415
2000-03-31,,,,8.37,7.68,2.4989589,4.0,92.0933,,,-0.6899999999999995,0.10651771546978972
2000-04-30,,,,8.4,7.64,2.4247194,3.8,92.6838,,,-0.7600000000000007,0.0810892833967285
2000-05-31,,,,8.9,7.99,2.5736327,4.0,92.9376,,,-0.9100000000000001,0.1740410962306833
2000-06-30,,,,8.48,7.67,2.7153642,4.0,93.0076,,,-0.8100000000000005,0.26595515503352785
2000-07-31,,,,8.35,7.65,2.7240005,4.0,92.8458,,,-0.6999999999999993,0.24858707315245676
2000-08-31,,,,8.26,7.55,2.8853852,4.1,92.5972,,,-0.71,0.3141969481811311
2000-09-30,,,,8.35,7.62,2.908796,3.9,92.9653,,,-0.7299999999999995,0.33378996298013186
2000-10-31,,,,8.34,7.55,2.9310365,3.9,92.6418,,,-0.79,0.3507328933445465
2000-11-30,,,,8.28,7.45,2.8816134,3.9,92.6618,,,-0.8299999999999992,0.2871662676827498
2000-12-31,,,,8.02,7.21,2.9838403,3.9,92.3459,,,-0.8099999999999996,0.3130376547047531
2001-01-31,,,,7.93,7.15,2.8896431,4.2,91.8903,,,-0.7799999999999994,0.20663469625161213
2001-02-28,,,,7.87,7.1,2.9893325,4.2,91.2915,,,-0.7700000000000005,0.22162893411913165
2001-03-31,,,,7.84,6.98,2.9711853,4.3,91.0526,,,-0.8599999999999994,0.1730867589691668
2001-04-30,,,,8.07,7.2,3.1007641,4.4,90.7293,,,-0.8700000000000001,0.24593275863574315
2001-05-31,,,,8.07,7.29,3.0843327,4.3,90.2577,,,-0.7800000000000002,0.18101692646078493
2001-06-30,,,,7.97,7.18,3.2118098,4.5,89.7677,,,-0.79,0.16790849085326653
2001-07-31,,,,7.97,7.13,3.2190557,4.6,89.226,,,-0.8399999999999999,0.1669864838365276
2001-08-31,,,,7.85,7.02,3.2635089,4.9,89.1326,,,-0.8300000000000001,0.12314455697798699
2001-09-30,,,,8.03,7.17,3.3990087,5.0,88.6679,,,-0.8599999999999994,0.1557445804244859
2001-10-31,,,,7.91,7.03,3.4934371,5.3,88.3926,,,-0.8799999999999999,0.17552997924319924
2001-11-30,,,,7.81,6.97,3.6122717,5.5,87.8774,,,-0.8399999999999999,0.2259865085866084
2001-12-31,,,,8.05,6.77,3.5754587,5.7,87.8344,,,-1.2800000000000011,0.18088231346497285
2002-01-31,,,,7.87,6.55,3.5684398,5.7,88.4665,,,-1.3200000000000003,0.21099546976488437
2002-02-28,,,,7.89,6.51,3.5387817,5.7,88.4661,,,-1.38,0.16873239703647935
2002-03-31,,,,8.11,6.81,3.480145,5.7,89.1228,,,-1.2999999999999998,0.15811299547691404
2002-04-30,,,,8.03,6.76,3.4775061,5.9,89.5532,,,-1.2699999999999996,0.11466683395772947
2002-05-31,,,,8.09,6.75,3.4632677,5.8,89.934,,,-1.3399999999999999,0.11587723608916134
2002-06-30,,,,7.95,6.63,3.2512149,5.8,90.6769,,,-1.3200000000000003,0.012194162985578183
2002-07-31,,,,7.9,6.53,3.2740984,5.8,90.6455,,,-1.37,0.01695447779854664
2002-08-31,,,,7.58,6.37,3.1567969,5.7,90.5475,,,-1.21,-0.033245091944226424
2002-09-30,,,,7.4,6.15,3.0374651,5.7,90.6381,,,-1.25,-0.11246051139832369
2002-10-31,,,,7.73,6.32,2.9477485,5.7,90.4041,,,-1.4100000000000001,-0.1698444353702746
2002-11-30,,,,7.62,6.31,2.8341831,5.9,90.8985,,,-1.3100000000000005,-0.24258310670077443
2002-12-31,,,,7.45,6.21,2.8018315,6.0,90.389,,,-1.2400000000000002,-0.24382016511837046
2003-01-31,,,,7.35,6.17,2.7875531,5.8,91.1355,,,-1.1799999999999997,-0.2469642835212693
2003-02-28,,,,7.06,5.95,2.7046594,5.9,91.2502,,,-1.1099999999999994,-0.2688065259710175
2003-03-31,,,,6.95,5.89,2.6277872,5.9,91.0059,,,-1.0600000000000005,-0.28093183636604524
2003-04-30,,,,6.85,5.74,2.4593491,6.0,90.4281,,,-1.1099999999999994,-0.34641867751033784
2003-05-31,,,,6.38,5.22,2.3483407,6.1,90.4073,,,-1.1600000000000001,-0.388503571694922
2003-06-30,,,,6.19,4.97,2.27155,6.3,90.5218,,,-1.2200000000000006,-0.3585663240132163
2003-07-31,,,,6.62,5.49,2.237208,6.2,90.9896,,,-1.13,-0.380813873618574
2003-08-31,,,,7.01,5.88,2.1655338,6.1,90.7858,,,-1.13,-0.376890984323376
2003-09-30,,,,6.79,5.72,2.1842475,6.1,91.3829,,,-1.0700000000000003,-0.32975194325094204
2003-10-31,,,,6.73,5.7,2.1611133,6.0,91.5005,,,-1.0300000000000002,-0.3104181530306308
2003-11-30,,,,6.66,5.65,2.0365931,5.8,92.1265,,,-1.0099999999999998,-0.3304753847588313
2003-12-31,,,,6.6,5.62,1.976213,5.7,92.1722,,,-0.9799999999999995,-0.3490909234505414
2004-01-31,,,,6.44,5.54,1.9607229,5.7,92.327,,,-0.9000000000000004,-0.35185095415890244
2004-02-29,,,,6.27,5.5,2.0481367,5.6,92.8873,,,-0.7699999999999996,-0.2780455364016311
2004-03-31,,,,6.11,5.33,2.1370611,5.8,92.5325,,,-0.7800000000000002,-0.20671055580730313
2004-04-30,,,,6.46,5.73,2.2577613,5.6,92.9096,,,-0.7299999999999995,-0.08552297431821831
2004-05-31,,,,6.75,6.04,2.2378638,5.6,93.5838,,,-0.71,-0.04818724352522408
2004-06-30,,,,6.78,6.01,2.3794884,5.6,92.8621,,,-0.7700000000000005,0.04642308873192991
2004-07-31,,,,6.62,5.82,2.2638524,5.5,93.5511,,,-0.7999999999999998,0.01183930401205624
2004-08-31,,,,6.46,5.65,2.2577292,5.4,93.6328,,,-0.8099999999999996,0.04169263943930335
2004-09-30,,,,6.27,5.46,2.240201,5.4,93.7418,,,-0.8099999999999996,0.025294218346334274
2004-10-31,,,,6.21,5.47,2.2372194,5.5,94.5671,,,-0.7400000000000002,0.03461024990023265
2004-11-30,,,,6.2,5.52,2.3012131,5.4,94.8,,,-0.6800000000000006,0.1221580559227955
2004-12-31,,,,6.15,5.47,2.3138859,5.4,95.5426,,,-0.6800000000000006,0.157745931960527
2005-01-31,,,,6.02,5.36,2.3158903,5.3,95.8831,,,-0.6599999999999993,0.16648096066715268
2005-02-28,,,,5.82,5.2,2.2862449,5.4,96.5616,,,-0.6200000000000001,0.10998023699669235
2005-03-31,,,,6.06,5.4,2.2461526,5.2,96.4371,,,-0.6599999999999993,0.049787229606354955
2005-04-30,,,,6.05,5.33,2.2397223,5.2,96.628,,,-0.7199999999999998,-0.008021862151734394
2005-05-31,,,,6.01,5.15,2.3579552,5.1,96.7306,,,-0.8599999999999994,0.05227305265390081
2005-06-30,,,,5.86,4.96,2.1993552,5.0,97.1488,,,-0.9000000000000004,-0.07872128009776691
2005-07-31,,,,5.95,5.06,2.3010794,5.0,96.8383,,,-0.8900000000000006,0.01631035332468367
2005-08-31,,,,5.96,5.09,2.2644059,4.9,97.1603,,,-0.8700000000000001,0.0029528993291332295
2005-09-30,,,,6.03,5.13,2.3340762,5.0,95.2729,,,-0.9000000000000004,0.041050587162228314
2005-10-31,,,,6.3,5.35,2.3253024,5.0,96.4383,,,-0.9500000000000002,0.0386163396163669
2005-11-30,,,,6.39,5.42,2.4316658,5.0,97.4951,,,-0.9699999999999998,0.05514011822519971
2005-12-31,,,,6.32,5.37,2.4690335,4.9,97.9788,,,-0.9500000000000002,0.06489845951808226
2006-01-31,,,,6.24,5.29,2.4510191,4.7,98.1305,,,-0.9500000000000002,0.05670970481286486
2006-02-28,,,,6.27,5.35,2.4992554,4.8,98.1779,,,-0.9199999999999999,0.0890821575177363
2006-03-31,,,,6.41,5.53,2.581219,4.7,98.3898,,,-0.8799999999999999,0.13904297095183416
2006-04-30,,,,6.68,5.84,2.6806926,4.7,98.6769,,,-0.8399999999999999,0.17972330900322442
2006-05-31,,,,6.75,5.95,2.7839595,4.6,98.7052,,,-0.7999999999999998,0.16607939216969592
2006-06-30,,,,6.78,5.89,3.0344298,4.6,99.0427,,,-0.8900000000000006,0.3218593055710679
2006-07-31,,,,6.76,5.85,3.0939988,4.7,98.9804,,,-0.9100000000000001,0.2960860471092659
2006-08-31,,,,6.59,5.68,3.2251144,4.7,99.4106,,,-0.9100000000000001,0.3536559937631091
2006-09-30,,,,6.43,5.51,3.212012,4.5,99.2207,,,-0.9199999999999999,0.3192813509212278
2006-10-31,,,,6.42,5.51,3.2911246,4.4,99.1253,,,-0.9100000000000001,0.34737923497928047
2006-11-30,,,,6.2,5.33,3.1482614,4.5,99.0969,,,-0.8700000000000001,0.25827382705850466
2006-12-31,,,,6.22,5.32,3.1241583,4.4,100.1122,,,-0.8999999999999995,0.23533812439150692
2007-01-31,,,,6.34,5.4,3.1457342,4.6,99.7571,,,-0.9399999999999995,0.24954341557444992
2007-02-28,,,,6.28,5.39,3.161558,4.5,100.7275,,,-0.8900000000000006,0.23507209655920436
2007-03-31,,,,6.27,5.3,3.1090014,4.4,100.9023,,,-0.9699999999999998,0.18603981341222087
2007-04-30,,,,6.39,5.47,2.9667028,4.5,101.5874,,,-0.9199999999999999,0.10137597380051944
2007-05-31,,,,6.39,5.47,2.783324,4.4,101.6299,,,-0.9199999999999999,-0.0002282980569463522
2007-06-30,,,,6.7,5.79,2.6305791,4.6,101.6482,,,-0.9100000000000001,-0.14281952000125608
2007-07-31,,,,6.65,5.73,2.5346411,4.7,101.4925,,,-0.9199999999999999,-0.19941231519257452
2007-08-31,,,,6.65,5.79,2.4685402,4.6,101.6874,,,-0.8600000000000003,-0.26734145870919
2007-09-30,,,,6.59,5.74,2.4838823,4.7,101.9398,,,-0.8499999999999996,-0.25707475237178135
2007-10-31,,,,6.48,5.66,2.5033248,4.7,101.6345,,,-0.8200000000000003,-0.2736095617632318
2007-11-30,,,,6.4,5.44,2.6563697,4.7,102.2068,,,-0.96,-0.16988994775191013
2007-12-31,,,,6.65,5.49,2.7127336,5.0,102.2604,,,-1.1600000000000001,-0.14120806793460738
2008-01-31,,,,6.54,5.33,2.7470404,5.0,102.14,,,-1.21,-0.1355231988696899
2008-02-29,,,,6.82,5.53,2.6165653,4.9,101.7671,,,-1.29,-0.18920244054788227
2008-03-31,,,,6.89,5.51,2.6887664,5.1,101.4355,,,-1.38,-0.14521908031226882
2008-04-30,,,,6.97,5.55,2.7251103,5.0,100.7424,,,-1.42,-0.08494226341083921
2008-05-31,,,,6.93,5.57,2.7937419,5.4,100.132,,,-1.3599999999999994,0.003735983151060829
2008-06-30,,,,7.07,5.68,2.9376962,5.6,99.8651,,,-1.3900000000000006,0.11042165666373038
2008-07-31,,,,7.16,5.67,3.0142542,5.8,99.4214,,,-1.4900000000000002,0.17330038728497243
2008-08-31,,,,7.15,5.64,3.0845059,6.1,97.8448,,,-1.5100000000000007,0.22276451867786662
2008-09-30,,,,7.31,5.65,3.0766785,6.1,93.559,,,-1.6599999999999993,0.21402782629730832
2008-10-31,,,,8.88,6.28,2.9291949,6.5,94.4956,,,-2.6000000000000005,0.15710783879970303
2008-11-30,,,,9.21,6.12,2.7864624,6.8,93.2689,,,-3.0900000000000007,0.04781241810174108
2008-12-31,,,,8.43,5.05,2.6304305,7.3,90.628,,,-3.38,-0.030809313967000596
2009-01-31,,,,8.14,5.05,2.5522481,7.8,88.3811,,,-3.0900000000000007,-0.07354953533249897
2009-02-28,,,,8.08,5.27,2.5594949,8.3,87.8412,,,-2.8100000000000005,-0.022052569185494808
2009-03-31,,,,8.42,5.5,2.4535819,8.7,86.4794,,,-2.92,-0.09153354419466853
2009-04-30,,,,8.39,5.39,2.3761457,9.0,85.7883,,,-3.000000000000001,-0.13702918319112267
2009-05-31,,,,8.06,5.54,2.2888288,9.4,84.9516,,,-2.5200000000000005,-0.1993416343591492
2009-06-30,,,,7.5,5.61,2.0898948,9.5,84.6928,,,-1.8899999999999997,-0.3405119389475417
2009-07-31,,,,7.09,5.41,1.9228669,9.5,85.7044,,,-1.6799999999999997,-0.4495351869531512
2009-08-31,,,,6.58,5.26,1.7701932,9.6,86.6617,,,-1.3200000000000003,-0.5553027892840767
2009-09-30,,,,6.31,5.13,1.6158958,9.8,87.4033,,,-1.1799999999999997,-0.6439611281711543
2009-10-31,,,,6.29,5.15,1.5209969,10.0,87.6035,,,-1.1399999999999997,-0.655361631971273
2009-11-30,,,,6.32,5.19,1.3714917,9.9,87.9559,,,-1.13,-0.7088738546973407
2009-12-31,,,,6.37,5.26,1.3248615,9.9,88.2468,,,-1.1100000000000003,-0.6858395953343122
2010-01-31,,,,6.25,5.26,1.1770019,9.8,89.1911,,,-0.9900000000000002,-0.7740041360751178
2010-02-28,,,,6.34,5.35,1.0548474,9.8,89.4972,,,-0.9900000000000002,-0.8864138224206054
2010-03-31,,,,6.27,5.27,0.93183853,9.9,90.1419,,,-1.0,-0.9681446872543504
2010-04-30,,,,6.25,5.29,0.87602978,9.9,90.4591,,,-0.96,-0.997834914358918
2010-05-31,,,,6.05,4.96,0.7998678,9.6,91.702,,,-1.0899999999999999,-1.051349060657026
2010-06-30,,,,6.23,4.88,0.78483473,9.4,91.8997,,,-1.3500000000000005,-0.9793958481788316
2010-07-31,,,,6.01,4.72,0.74959322,9.4,92.2522,,,-1.29,-0.9420418423653347
2010-08-31,,,,5.66,4.49,0.69562861,9.5,92.5899,,,-1.17,-0.9340280605594811
2010-09-30,,,,5.66,4.53,0.6676136,9.5,92.8564,,,-1.13,-0.8839351937439712
2010-10-31,,,,5.72,4.68,0.67526624,9.4,92.6037,,,-1.04,-0.8120142113891671
2010-11-30,,,,5.92,4.87,0.82600201,9.8,92.6773,,,-1.0499999999999998,-0.5070570516591479
2010-12-31,,,,6.1,5.02,0.83710132,9.3,93.5851,,,-1.08,-0.45911809011766846
2011-01-31,,,,6.09,5.04,0.96003713,9.1,93.3944,,,-1.0499999999999998,-0.20375376073527454
2011-02-28,,,,6.15,5.22,1.1238816,9.0,92.993,,,-0.9300000000000006,0.06339229592852741
2011-03-31,,,,6.03,5.13,1.1861014,9.0,93.982,,,-0.9000000000000004,0.24126752477053037
2011-04-30,,,,6.02,5.16,1.21555,9.1,93.6525,,,-0.8599999999999994,0.3275518424530465
2011-05-31,,,,5.78,4.96,1.2613949,9.0,93.7775,,,-0.8200000000000003,0.455526987082051
2011-06-30,,,,5.75,4.99,1.2990532,9.1,94.0467,,,-0.7599999999999998,0.5039178098274797
2011-07-31,,,,5.76,4.93,1.4236275,9.0,94.4931,,,-0.8300000000000001,0.6414327846140002
2011-08-31,,,,5.36,4.37,1.6569751,9.0,95.0969,,,-0.9900000000000002,0.8679330785620791
2011-09-30,,,,5.27,4.09,1.7268145,9.0,95.0281,,,-1.1799999999999997,0.9503240976209333
2011-10-31,,,,5.37,3.98,1.8413647,8.8,95.6924,,,-1.3900000000000001,1.0031552177381637
2011-11-30,,,,5.14,3.87,1.8407168,8.6,95.6913,,,-1.2699999999999996,0.8013131330275336
2011-12-31,,,,5.25,3.93,2.0478499,8.5,96.1938,,,-1.3199999999999998,0.8946005779205521
2012-01-31,,,,5.23,3.85,2.1159285,8.3,96.779,,,-1.3800000000000003,0.7902770414398809
2012-02-29,,,,5.14,3.85,2.0181912,8.3,97.0959,,,-1.2899999999999996,0.5854132568729443
2012-03-31,,,,5.23,3.99,2.1247577,8.2,96.5919,,,-1.2400000000000002,0.5829859779544692
2012-04-30,,,,5.19,3.96,2.1937928,8.2,97.2942,,,-1.2300000000000004,0.5904352687499728
2012-05-31,,,,5.07,3.8,2.1896843,8.2,97.4853,,,-1.2700000000000005,0.5515392060733454
2012-06-30,,,,5.02,3.64,2.2407468,8.2,97.4959,,,-1.3799999999999994,0.5451735117307491
2012-07-31,,,,4.87,3.4,2.2616531,8.2,97.6922,,,-1.4700000000000002,0.4628878143833063
2012-08-31,,,,4.91,3.48,2.1718632,8.1,97.3061,,,-1.4300000000000002,0.2705917054887321
2012-09-30,,,,4.84,3.49,2.2199385,7.8,97.2383,,,-1.3499999999999996,0.2512011110988499
2012-10-31,,,,4.58,3.47,2.2070705,7.8,97.5425,,,-1.1099999999999999,0.18115908908827194
2012-11-30,,,,4.51,3.5,2.1959869,7.7,97.934,,,-1.0099999999999998,0.1764764972604126
2012-12-31,,,,4.63,3.65,2.1097305,7.9,98.1984,,,-0.98,0.02976980073622537
2013-01-31,,,,4.73,3.8,2.0682971,8.0,98.2029,,,-0.9300000000000006,-0.022768111550543257
2013-02-28,,,,4.85,3.9,2.146017,7.7,98.6733,,,-0.9499999999999997,0.06141190117424156
2013-03-31,,,,4.85,3.93,2.0999025,7.5,99.0788,,,-0.9199999999999995,-0.011766857265682384
2013-04-30,,,,4.59,3.73,1.9354319,7.6,98.9658,,,-0.8599999999999999,-0.1253014123034566
2013-05-31,,,,4.73,3.89,1.907797,7.5,99.0567,,,-0.8400000000000003,-0.1378082049500423
2013-06-30,,,,5.19,4.27,1.8766189,7.5,99.2424,,,-0.9200000000000008,-0.1773375029322124
2013-07-31,,,,5.32,4.34,1.867879,7.3,98.9258,,,-0.9800000000000004,-0.19129244352652097
2013-08-31,,,,5.42,4.54,1.9142202,7.2,99.5059,,,-0.8799999999999999,-0.12627508322743053
2013-09-30,,,,5.47,4.64,1.8904211,7.2,100.0391,,,-0.8300000000000001,-0.1606798843105801
2013-10-31,,,,5.31,4.53,1.8687356,7.2,99.9203,,,-0.7799999999999994,-0.16640401813798833
2013-11-30,,,,5.38,4.63,1.8930866,6.9,100.1661,,,-0.75,-0.14842293956631347
2013-12-31,,,,5.38,4.62,1.8711904,6.7,100.3777,,,-0.7599999999999998,-0.11998540833487825
2014-01-31,,,,5.19,4.49,1.8218145,6.6,99.999,,,-0.7000000000000002,-0.12689262924630929
2014-02-28,,,,5.1,4.45,1.7891863,6.7,100.7583,,,-0.6499999999999995,-0.1818526303981396
2014-03-31,,,,5.06,4.38,1.8208567,6.7,101.7767,,,-0.6799999999999997,-0.14258381045690693
2014-04-30,,,,4.9,4.24,2.0251612,6.2,101.8425,,,-0.6600000000000001,0.045318796618693646
2014-05-31,,,,4.76,4.16,2.1282345,6.3,102.2594,,,-0.5999999999999996,0.10934358954067636
2014-06-30,,,,4.8,4.25,2.1433409,6.1,102.5986,,,-0.5499999999999998,0.1328940796729512
2014-07-31,,,,4.73,4.16,2.1008094,6.2,102.8163,,,-0.5700000000000003,0.11751913649424439
2014-08-31,,,,4.69,4.08,1.9625042,6.1,102.6562,,,-0.6100000000000003,0.024910977364219877
2014-09-30,,,,4.8,4.11,1.954047,5.9,102.9776,,,-0.6899999999999995,0.03310299806829409
2014-10-31,,,,4.69,3.92,2.0060187,5.7,102.9892,,,-0.7700000000000005,0.07088995908864026
2014-11-30,,,,4.79,3.92,2.0043657,5.8,103.6402,,,-0.8700000000000001,0.05711903293263432
2014-12-31,,,,4.74,3.79,1.9711259,5.6,103.6345,,,-0.9500000000000002,0.05203009645849155
2015-01-31,,,,4.45,3.46,1.985653,5.7,102.8239,,,-0.9900000000000002,0.08611484483753096
2015-02-28,,,,4.51,3.61,1.9819969,5.5,102.1513,,,-0.8999999999999999,0.10234393633607408
2015-03-31,,,,4.54,3.64,1.9991371,5.4,101.824,,,-0.8999999999999999,0.09340853283541173
2015-04-30,,,,4.48,3.52,2.0631236,5.4,101.244,,,-0.9600000000000004,0.018571842714373288
2015-05-31,,,,4.89,3.98,2.0668869,5.6,100.783,,,-0.9099999999999997,-0.029249200555064636
2015-06-30,,,,5.13,4.19,2.1147326,5.3,100.4781,,,-0.9399999999999995,-0.013437405656565926
2015-07-31,,,,5.2,4.15,2.1414477,5.2,101.1052,,,-1.0499999999999998,0.019159396598750877
2015-08-31,,,,5.19,4.04,2.1802398,5.1,100.9442,,,-1.1500000000000004,0.10521355995191628
2015-09-30,,,,5.34,4.07,2.279431,5.0,100.6507,,,-1.2699999999999996,0.15402324386173938
2015-10-31,,,,5.34,3.95,2.3462109,5.0,100.1871,,,-1.3899999999999997,0.1566496323587454
2015-11-30,,,,5.46,4.06,2.4052606,5.1,99.4382,,,-1.4000000000000004,0.18233060367163179
2015-12-31,,,,5.46,3.97,2.4436874,5.0,98.939,,,-1.4899999999999998,0.2149032257195902
2016-01-31,,,,5.45,4.0,2.4667222,4.8,99.4558,,,-1.4500000000000002,0.2169423975064041
2016-02-29,,,,5.34,3.96,2.5442092,4.9,98.9136,,,-1.38,0.24971500297147187
2016-03-31,,,,5.13,3.82,2.531878,5.0,98.1907,,,-1.31,0.23624568240812105
2016-04-30,,,,4.79,3.62,2.537996,5.1,98.4669,,,-1.17,0.20715364820398252
2016-05-31,,,,4.68,3.65,2.5711572,4.8,98.2518,,,-1.0299999999999998,0.2183125077170136
2016-06-30,,,,4.53,3.5,2.5689022,4.9,98.7275,,,-1.0300000000000002,0.19455027387021728
2016-07-31,,,,4.22,3.28,2.5758512,4.8,98.836,,,-0.94,0.18469794695750386
2016-08-31,,,,4.24,3.32,2.7228064,4.9,98.7554,,,-0.9200000000000004,0.22222824235897765
2016-09-30,,,,4.31,3.41,2.6321032,5.0,98.6596,,,-0.8999999999999995,0.14385737200362148
2016-10-31,,,,4.38,3.51,2.5095184,4.9,98.7322,,,-0.8700000000000001,0.06728921833490997
2016-11-30,,,,4.71,3.86,2.5258013,4.7,98.3452,,,-0.8500000000000001,0.04890010364239317
2016-12-31,,,,4.83,4.06,2.594944,4.7,99.0314,,,-0.7700000000000005,0.060056808368389336
2017-01-31,,,,4.66,3.92,2.661562,4.7,98.7987,,,-0.7400000000000002,0.07602294369156792
2017-02-28,,,,4.64,3.95,2.67446,4.6,98.4322,,,-0.6899999999999995,0.04992761600941531
2017-03-31,,,,4.68,4.01,2.453344,4.4,99.0663,,,-0.6699999999999999,-0.03150932797742467
2017-04-30,,,,4.57,3.87,2.25217,4.4,100.0082,,,-0.7000000000000002,-0.11948059736378391
2017-05-31,,,,4.55,3.85,2.155911,4.4,100.1286,,,-0.6999999999999997,-0.17614269789220505
2017-06-30,,,,4.37,3.68,2.13853,4.3,100.3233,,,-0.69,-0.18335997100433798
2017-07-31,,,,4.39,3.7,2.146769,4.3,100.0947,,,-0.6899999999999995,-0.18221612147916
2017-08-31,,,,4.31,3.63,2.089832,4.4,99.6642,,,-0.6799999999999997,-0.26457943313968724
2017-09-30,,,,4.3,3.63,2.106697,4.3,99.7686,,,-0.6699999999999999,-0.22266190429966048
2017-10-31,,,,4.32,3.6,2.192819,4.2,100.9981,,,-0.7200000000000002,-0.1349029315340422
2017-11-30,,,,4.27,3.57,2.115031,4.2,101.2597,,,-0.6999999999999997,-0.17748888931698847
2017-12-31,,,,4.22,3.51,2.125472,4.1,101.4573,,,-0.71,-0.19957104106457035
2018-01-31,,,,4.26,3.55,2.166305,4.0,101.3939,,,-0.71,-0.2058902172703191
2018-02-28,,,,4.51,3.82,2.131896,4.1,101.7656,,,-0.69,-0.22673576618478353
2018-03-31,,,,4.64,3.87,2.369197,4.0,102.2441,,,-0.7699999999999996,-0.0349009127196499
2018-04-30,,,,4.67,3.85,2.493423,4.0,103.3468,,,-0.8199999999999998,0.10176226935544264
2018-05-31,,,,4.83,4.0,2.544991,3.8,102.3911,,,-0.8300000000000001,0.16591374160417816
2018-06-30,,,,4.83,3.96,2.553219,4.0,103.1924,,,-0.8700000000000001,0.17723623890284324
2018-07-31,,,,4.79,3.87,2.519634,3.8,103.3334,,,-0.9199999999999999,0.1601497317606312
2018-08-31,,,,4.77,3.88,2.432878,3.8,104.0807,,,-0.8899999999999997,0.15199123871808617
2018-09-30,,,,4.88,3.98,2.461933,3.7,104.1181,,,-0.8999999999999999,0.1558254956233499
2018-10-31,,,,5.07,4.14,2.414988,3.8,103.9397,,,-0.9300000000000006,0.0965063874582861
2018-11-30,,,,5.22,4.22,2.476794,3.8,104.0007,,,-1.0,0.1578955123284892
2018-12-31,2.69,2.51,2.63,,,,,,0.06000000000000005,0.30000000000000027,,
2019-01-31,2.63,2.43,2.55,,,,,,0.08000000000000007,0.3199999999999994,,
2019-02-28,2.73,2.52,2.54,,,,,,0.18999999999999995,0.22999999999999998,,
2019-03-31,2.41,2.23,2.4,,,,,,0.010000000000000231,0.3500000000000001,,
2019-04-30,2.51,2.28,2.39,,,,,,0.11999999999999966,0.3400000000000003,,
2019-05-31,2.14,1.93,2.21,,,,,,-0.06999999999999984,0.4900000000000002,,
2019-06-30,2.0,1.76,1.92,,,,,,0.08000000000000007,0.3999999999999999,,
2019-07-31,2.02,1.84,2.0,,,,,,0.020000000000000018,0.33999999999999986,,
2019-08-31,1.5,1.39,1.76,,,,,,-0.26,0.4800000000000002,,
2019-09-30,1.68,1.55,1.75,,,,,,-0.07000000000000006,0.32999999999999985,,
2019-10-31,1.69,1.51,1.53,,,,,,0.15999999999999992,0.19999999999999996,,
2019-11-30,1.78,1.62,1.6,,,,,,0.17999999999999994,0.1399999999999999,,
2019-12-31,1.92,1.69,1.59,,,,,,0.32999999999999985,0.13000000000000012,,
2020-01-31,1.51,1.32,1.45,,,,,,0.06000000000000005,0.31999999999999984,,
2020-02-29,1.13,0.89,0.97,,,,,,0.15999999999999992,0.31999999999999984,,
2020-03-31,0.7,0.37,0.17,,,,,,0.5299999999999999,0.12999999999999998,,
2020-04-30,0.64,0.36,0.16,,,,,,0.48,0.08000000000000004,,
2020-05-31,0.65,0.3,0.17,,,,,,0.48,0.22000000000000006,,
2020-06-30,0.66,0.29,0.16,,,,,,0.5,0.24000000000000007,,
2020-07-31,0.55,0.21,0.11,,,,,,0.44000000000000006,0.24000000000000005,,
2020-08-31,0.72,0.28,0.12,,,,,,0.6,0.2799999999999999,,
2020-09-30,0.69,0.28,0.12,,,,,,0.57,0.2499999999999999,,
2020-10-31,0.88,0.38,0.13,,,,,,0.75,0.25,,
2020-11-30,0.84,0.36,0.11,,,,,,0.73,0.22999999999999998,,
2020-12-31,0.93,0.36,0.1,,,,,,0.8300000000000001,0.31000000000000005,,
2021-01-31,1.11,0.45,0.1,,,,,,1.01,0.31000000000000005,,
2021-02-28,1.44,0.75,0.08,,,,,,1.3599999999999999,0.01999999999999995,,
2021-03-31,1.74,0.92,0.07,,,,,,1.67,-0.030000000000000082,,
2021-04-30,1.65,0.86,0.05,,,,,,1.5999999999999999,-0.02000000000000006,,
2021-05-31,,,,,,,,,,,,
2021-06-30,1.45,0.87,0.07,,,,,,1.38,-0.22000000000000003,,
2021-07-31,1.24,0.69,0.07,,,,,,1.17,-0.0699999999999999,,
2021-08-31,1.3,0.77,0.07,,,,,,1.23,-0.16999999999999998,,
2021-09-30,1.52,0.98,0.09,,,,,,1.43,-0.35,,
2021-10-31,1.55,1.18,0.15,,,,,,1.4000000000000001,-0.6599999999999998,,
2021-11-30,1.43,1.14,0.24,,,,,,1.19,-0.6099999999999999,,
2021-12-31,1.52,1.26,0.39,,,,,,1.13,-0.61,,
2022-01-31,1.79,1.62,0.78,,,,,,1.01,-0.6700000000000002,,
2022-02-28,1.83,1.71,1.01,,,,,,0.8200000000000001,-0.5799999999999998,,
2022-03-31,2.32,2.42,1.63,,,,,,0.69,-0.8900000000000001,,
2022-04-30,2.89,2.92,2.1,,,,,,0.79,-0.8499999999999996,,
2022-05-31,2.85,2.81,2.08,,,,,,0.77,-0.69,,
2022-06-30,2.98,3.01,2.8,,,,,,0.18000000000000016,-0.23999999999999977,,
2022-07-31,2.67,2.7,2.98,,,,,,-0.31000000000000005,0.24999999999999956,,
2022-08-31,3.15,3.3,3.5,,,,,,-0.3500000000000001,0.050000000000000266,,
2022-09-30,3.83,4.06,4.05,,,,,,-0.21999999999999975,-0.23999999999999932,,
2022-10-31,4.1,4.27,4.66,,,,,,-0.5600000000000005,0.22000000000000064,,
2022-11-30,3.68,3.82,4.74,,,,,,-1.06,0.7800000000000007,,
2022-12-31,3.88,3.99,4.73,,,,,,-0.8500000000000005,0.6299999999999999,,
2023-01-31,3.52,3.63,4.68,,,,,,-1.1599999999999997,0.94,,
2023-02-28,3.92,4.18,5.02,,,,,,-1.0999999999999996,0.5800000000000001,,
2023-03-31,3.48,3.6,4.64,,,,,,-1.1599999999999997,0.9199999999999995,,
2023-04-30,3.44,3.51,4.8,,,,,,-1.3599999999999999,1.2200000000000002,,
2023-05-31,3.64,3.74,5.18,,,,,,-1.5399999999999996,1.3399999999999994,,
2023-06-30,3.81,4.13,5.4,,,,,,-1.5900000000000003,0.9500000000000011,,
2023-07-31,3.97,4.18,5.37,,,,,,-1.4,0.9800000000000013,,
2023-08-31,4.09,4.23,5.37,,,,,,-1.2800000000000002,0.9999999999999991,,
2023-09-30,4.59,4.6,5.46,,,,,,-0.8700000000000001,0.8500000000000005,,
2023-10-31,4.88,4.82,5.44,,,,,,-0.5600000000000005,0.6799999999999997,,
2023-11-30,4.37,4.31,5.16,,,,,,-0.79,0.910000000000001,,
2023-12-31,3.84,3.83,4.82,,,,,,-0.9800000000000004,1.0,,
