Date,HML,SG,SV,BG,BV,MOM,SL,SH,BL,BH
192701,4.54,-0.7991,3.9316,-0.2621,4.0885,0.36,0.08,0.4,-0.4,0
192702,2.94,3.7129,6.6192,5.0044,7.988,-2.14,7.01,5.51,7.27,4.47
192703,-2.61,-1.8324,-3.1676,1.3025,-2.5908,3.61,-3.46,-2.06,-3.57,2.26
192704,0.81,-1.671,3.4796,3.051,-0.4809,4.3,-0.75,3.32,-2.72,1.81
192705,4.73,5.4766,13.3256,5.4076,7.0144,3,2.48,6.83,5.52,7.18
192706,-1.73,-1.5481,-3.9474,-0.9628,-2.0151,0.6,-2.12,-2.88,-3.82,-1.86
192707,-1.14,4.2702,3.9846,9.2637,7.2603,4.31,3.09,6.91,4.53,9.33
192708,-3.74,2.4503,0.86,3.9309,-1.9651,1.36,-0.34,0.29,1.21,3.3
192709,-0.63,2.2496,0.399,5.3697,5.9674,1.98,2.48,3.19,3.02,6.27
192710,-4.33,-0.2072,-5.8357,-3.5889,-6.6219,-0.87,-4.99,-3.33,-2.11,-5.5
192711,-0.27,10.3238,10.2275,7.0845,6.6346,-0.51,11.28,7.02,5.12,8.37
192712,-1.13,5.701,2.4506,2.4925,3.4755,3.21,0.27,4.53,1.23,3.41
192801,-0.75,3.2211,3.5948,-0.4427,-2.3168,-0.52,2.78,0.66,-1.91,-0.83
192802,-0.65,-4.8858,-4.1271,-0.6772,-2.7296,-1.09,-3.56,-4.81,-0.81,-1.74
192803,-1.22,7.3978,9.457,12.3241,7.8254,4.7,6.9,7.7,6.75,15.35
192804,3.44,4.665,9.9723,2.9336,4.4979,-4.41,8.68,5.99,8.19,2.05
192805,-3.27,7.1742,2.574,2.575,0.6388,3.02,2.77,4.01,-1.55,3.24
192806,-0.03,-8.5829,-6.8294,-3.604,-5.4164,2.04,-9.33,-6.35,-5.19,-4.09
192807,-0.5,-0.4048,-0.8867,1.359,0.8312,2.65,-1.69,2.05,0.01,1.56
192808,-2.15,6.124,3.699,8.7368,6.8565,3.54,5.1,6.29,4.33,10.22
192809,0.86,5.7317,6.1762,2.9576,4.2317,3.45,4.19,7.29,1.36,5.16
192810,-2.16,6.8299,1.6621,1.359,2.1979,5.1,0.23,7.29,0.73,3.88
192811,2.7,8.6705,12.2831,11.1602,12.9505,2.09,9.97,10.62,8.64,12.15
192812,-0.65,0.9055,-0.6462,0.9332,1.1879,1.54,-2.67,-1.74,-0.47,1.67
192901,-1.24,-0.034,1.448,6.5262,2.5673,2.45,-0.11,2.84,3.85,5.79
192902,1.66,0.7414,0.382,-0.5791,3.0915,3.05,-0.28,3.19,-1.53,1.1
192903,1.58,-5.9533,-4.0571,-1.3835,-0.1243,-0.64,-4.33,-3.8,0.78,-1.03
192904,0.59,-0.0822,0.5004,2.2172,2.808,1.91,1.74,1.9,-0.97,2.69
192905,-1.42,-10.2009,-12.5598,-5.7297,-6.2127,-2.04,-11.2,-11.98,-3.61,-6.91
192906,-2.79,6.9673,6.4064,12.4593,7.4384,8.6,4.25,10.38,3.34,14.4
192907,2.71,-0.0602,3.8633,3.5656,5.0527,2.96,0.52,2.24,0.78,4.98
192908,0.13,-0.7741,-0.4544,7.272,7.2052,4.7,-1.37,1.87,5.09,11.24
192909,-0.65,-4.2711,-3.6218,-4.4211,-6.3661,2.97,-5.76,-1.87,-7.4,-5.35
192910,7.78,-21.5559,-19.8329,-24.1865,-10.3484,4.1,-24.33,-23.22,-27.88,-20.79
192911,5.05,-16.1934,-12.3366,-14.2535,-8.0015,-2.39,-12.6,-18.17,-14.24,-13.45
192912,-0.54,-2.7485,-1.8488,3.3988,1.4208,5.19,-7.78,-0.45,0.09,3.15
193001,-0.96,6.0455,8.4631,7.1735,2.8433,-5.16,17.84,6.7,4.31,5.13
193002,0.2,1.7451,4.3779,3.4639,1.2229,0.62,3.69,2.95,0.88,2.87
193003,0.33,8.6368,10.7647,6.816,5.3421,-4.42,12.47,6.4,9.91,7.14
193004,-0.35,-7.0717,-3.4814,-2.361,-6.6589,3.98,-5.5,-2.04,-5.94,-1.44
193005,-0.73,-3.6161,-2.9578,0.7061,-1.4054,0.05,-6.27,-2.39,2.76,-1.02
193006,2.33,-17.4935,-18.9287,-17.849,-11.7533,6.64,-25.75,-16.74,-18.61,-14.35
193007,-1.75,6.5208,2.4342,4.7058,5.283,-2.19,4.71,3.06,5.77,3.05
193008,-0.61,-3.7646,-2.2723,1.0169,-1.6956,3.95,-3.92,0.82,-2.63,0.54
193009,-4.96,-13.6823,-18.7882,-12.3871,-17.1944,11.48,-20.41,-10.86,-23.2,-9.78
193010,-1.38,-10.1007,-10.6915,-9.3455,-11.5093,6.86,-12.75,-8.29,-16.4,-7.13
193011,-3.66,0.2231,-2.7361,-2.1847,-6.5408,-1.46,-2.29,-1.63,1.29,-2.28
193012,-5.25,-10.4113,-17.205,-6.0724,-9.7812,13.32,-21.43,-8.15,-17.56,-4.2
193101,7.12,9.8982,14.9795,4.5109,13.6747,-11.07,24.19,9.29,12.44,5.2
193102,1.92,13.1802,17.4089,12.511,12.1228,-14.47,21.52,10.73,25.81,7.66
193103,-3.44,-4.3393,-7.1311,-4.7492,-8.8363,9.46,-12.74,-2.27,-12.6,-4.15
193104,-3.82,-12.8802,-17.9722,-8.9215,-11.4677,11.4,-21.5,-10.6,-18.6,-6.71
193105,-6.57,-9.6516,-13.8027,-11.3507,-20.347,9.26,-17.22,-6.94,-20.04,-11.8
193106,11.29,10.1107,20.5193,13.0405,25.2073,-17.88,25.25,8.7,29.87,10.66
193107,-2.11,-8.5867,-5.7543,-5.1707,-12.2143,8.19,-11.57,-3.17,-11.91,-3.94
193108,-1.47,-1.6114,-3.7141,0.9,0.0531,-3.5,-1.38,-3.51,5.16,0.28
193109,-6.77,-26.5722,-33.8737,-28.8663,-35.1131,10.15,-39.36,-29.48,-36.76,-26.35
193110,1.7,4.2319,5.4616,9.5453,11.7214,3.27,10.07,12.12,4.13,8.61
193111,-5.04,-7.7335,-9.3774,-6.1307,-14.5665,7.54,-13.22,-8.76,-16.67,-6.05
193112,-8.85,-13.7987,-22.3956,-11.573,-20.6686,14.16,-26,-12.16,-24.15,-9.68
193201,9.03,2.4924,10.4927,-3.4315,6.6353,-10.87,14.33,1.89,6.92,-2.38
193202,-1.46,-2.4754,1.3694,7.1096,0.3507,1.59,2.45,4.85,5.49,6.27
193203,-2.32,-10.5259,-10.62,-10.2077,-14.746,9.92,-14.85,-6.9,-19.87,-7.98
193204,1.43,-19.3072,-16.0307,-18.1229,-18.5418,6.97,-22.07,-15.85,-22.91,-15.2
193205,-2.98,-17.1387,-16.8918,-19.2221,-25.436,12.28,-25.21,-20.47,-37.3,-17.48
193206,5.3,0.954,0.9934,-1.7165,8.8476,1.88,3.57,8.24,1.1,0.19
193207,35.61,31.5257,63.1945,28.1983,67.7486,-45.02,62.55,21.43,72.64,23.71
193208,34.24,46.2878,83.4957,31.3379,62.6122,-52.05,92.53,41.81,76.15,22.78
193209,-7.36,-1.6614,-12.4928,-1.0435,-4.9399,2.36,-10.64,-7.85,-5.28,-3.36
193210,-10.33,-15.8052,-23.8446,-10.7558,-23.3789,4.95,-16.95,-17.62,-20.24,-9.68
193211,-13.11,-0.4275,-13.1841,-2.7209,-16.194,-1.83,-6.48,-8.88,-9.28,-10.53
193212,-7.72,-6.9549,-11.112,6.8555,-4.4353,5.48,-11.86,-2.03,4.29,5.4
193301,6.36,5.009,8.045,-0.0131,9.6714,-1.6,4.47,2.41,1.58,0.43
193302,-2.95,-17.3761,-20.862,-14.9526,-17.3652,4.26,-17.7,-15.81,-20.74,-14.11
193303,7.54,6.8621,16.0253,0.96,6.8707,2.59,9.23,14.46,5.55,5.51
193304,19.65,40.7625,56.5968,33.766,57.2289,-16.51,57.65,49.27,53.74,29.1
193305,19.19,59.573,73.3276,16.9982,41.6305,-4.31,75.68,67.95,20.79,19.91
193306,-1.78,32.7005,18.324,11.3873,22.2102,4,20.64,21.2,10.07,17.51
193307,3.27,-14.1385,-7.2303,-8.8583,-9.2208,0.1,-10.77,-11.25,-8.76,-8.07
193308,3,10.5585,8.2846,10.5958,18.8615,7.59,9.02,10.42,7.28,21.06
193309,-11.74,-7.6121,-20.857,-9.1454,-19.3866,1.58,-18.48,-15.75,-11.54,-11.11
193310,-8.57,-8.4949,-14.0569,-6.1614,-17.7448,-2.21,-10.53,-13.41,-7.62,-9.16
193311,2.32,4.4492,6.0824,9.69,12.6924,6.1,1.86,6.22,7.82,15.66
193312,-1.56,4.7702,0.41,2.1093,3.3536,4.18,-0.34,1.33,0,6.68
193401,15.59,21.5203,38.4208,9.8669,24.1368,-2.97,38.01,36.1,14.52,10.49
193402,2,-0.2935,5.14,-2.3815,-3.81,-0.29,2.25,2.45,-2.36,-3.14
193403,-2.7,4.7722,-0.0115,-0.0029,-0.62,-0.67,2.65,0.95,-0.02,0.36
193404,-3.73,2.8356,-1.7852,-1.778,-4.616,-4.71,2.67,-1.46,-0.31,-5.6
193405,-5.89,-7.3381,-12.0106,-6.4033,-13.5106,-2.56,-10.25,-12.45,-5.89,-8.81
193406,-2.96,3.7672,-2.3777,2.628,2.8615,-0.96,-1.51,-1.59,3.53,1.69
193407,-10.7,-18.0226,-24.5454,-8.311,-23.179,8.71,-23.8,-18.05,-19.35,-7.7
193408,0.09,10.9235,11.413,6.0718,5.7691,2.48,10.94,14.52,4.24,5.62
193409,-1.2,-0.9255,-3.4898,-0.2597,-0.105,0.06,-2.33,-1.12,1.54,0.44
193410,-5.08,-0.925,-4.1267,-0.4115,-7.369,6.9,-6.77,2.5,-5.12,-0.58
193411,-2.15,17.4218,12.699,10.2402,10.6573,3.83,12.06,16.84,6.36,9.24
193412,-3.14,4.9409,1.6419,0.7507,-2.2372,4.73,0.11,5.97,-2.34,1.27
193501,-1.9,-5.5523,-3.0507,-3.0099,-9.3128,3.72,-5.1,-3.72,-7.22,-1.18
193502,-7.44,-3.5225,-6.2649,-0.8581,-12.9875,13.92,-14.73,-1.21,-11.27,3.03
193503,-5.12,-5.9234,-11.3866,-2.9715,-7.7499,2.49,-12.7,-7.26,-3.04,-3.5
193504,4.47,6.7174,10.6336,8.0311,13.0598,-4.64,15.62,10.12,11.35,7.57
193505,2.65,-2.6657,1.8238,3.137,3.957,-3.62,2.66,1.81,9.42,3.02
193506,-1.69,5.8129,0.7292,6.3821,8.0813,2.35,-0.51,7.2,9.03,6.01
193507,6.93,9.6466,13.5159,6.9882,16.9724,-4.06,13.33,12.49,13.65,6.38
193508,6.08,3.627,14.5997,2.5694,3.7559,-7.17,14.46,5.04,7.02,2.1
193509,-4.07,5.0664,0.4572,4.6757,1.1354,8.95,-0.26,8.81,-4.17,4.67
193510,-2.37,11.0819,6.9363,6.6016,6.013,1.87,9.57,9.87,5.53,8.97
193511,12.06,6.8537,19.5176,3.0389,14.4929,-6.27,21.51,11.18,6.22,4.02
193512,0.95,5.8168,1.9862,2.9835,8.7119,3.78,3.5,10.24,4.54,5.36
193601,10.34,10.6869,22.3858,3.2881,12.2659,-3.33,17.92,12.17,7.19,6.27
193602,4.51,2.3177,6.0122,1.9137,7.246,2.45,3.75,7.53,1.12,2.24
193603,-1.44,0.2531,1.0469,2.6378,-1.0405,1.82,0.45,2.39,-0.54,1.15
193604,-2.15,-14.3456,-15.5467,-7.1563,-10.2541,-7.65,-7.94,-16.84,-4.69,-11.1
193605,2.61,5.0647,8.8137,5.0578,6.5348,2.47,3.92,7.12,4.26,6.01
193606,-1.2,-2.1381,-1.158,3.6325,0.2455,0.38,-0.45,-1.24,2.34,3.9
193607,2.4,10.6162,9.1117,5.9223,12.2302,2.85,8.75,9.59,2.53,7.38
193608,3.82,0.6495,4.2542,0.2957,4.3352,0.65,1.46,2.78,0.35,0.33
193609,0.9,2.2001,4.4729,0.9204,0.4389,1.24,2.73,4.3,0.97,1.89
193610,2.47,3.7228,6.4085,6.4131,8.6681,1,6.41,4.87,5.24,8.77
193611,-1.21,10.86,12.3194,3.384,-0.494,1.97,7.78,11.77,3.56,3.5
193612,4.3,2.0887,7.8447,-1.8229,1.0214,2.01,2.76,3.86,-0.98,1.94
193701,2.61,7.2377,9.7396,3.6113,6.3255,-1.9,11.14,7.04,3.37,3.66
193702,4.83,3.2555,5.7398,-0.2074,6.9733,3.17,2.83,4.77,-0.24,4.15
193703,6.5,-3.0335,2.1573,-1.7368,6.0777,2.7,-1.69,-0.23,-1.42,2.53
193704,-3.66,-10.1096,-13.4753,-6.8185,-10.7653,-3.71,-9.94,-12.5,-6.62,-11.48
193705,-3.48,-0.3784,-4.1217,0.2448,-2.9785,0.58,-3.4,-2.26,-0.38,-0.36
193706,-3.33,-7.2258,-10.6078,-4.1508,-7.4383,0.74,-9.8,-9.18,-3.93,-3.06
193707,0.81,10.9496,10.7965,9.2027,10.9736,-0.55,12.5,10.83,9.45,10.02
193708,-2.25,-4.6506,-5.5952,-4.21,-7.7724,-1.85,-4.29,-6.22,-4.56,-6.34
193709,-4.57,-20.8407,-23.0629,-12.3496,-19.2657,-7.01,-20.5,-26.28,-10.68,-18.92
193710,-1.55,-10.805,-9.6555,-10.1749,-14.4157,-1.6,-10.2,-10.93,-8.75,-11.23
193711,0.15,-11.5365,-11.8188,-8.7393,-8.1625,-1.23,-12.88,-11.35,-3.64,-7.63
193712,-0.4,-14.1024,-12.2871,-4.1175,-6.7316,4.67,-14.45,-10.26,-6.98,-1.83
193801,-1.61,4.9994,3.739,1.3091,-0.6467,-1.61,7.01,4.04,-0.19,-0.43
193802,-2.02,8.4176,4.7774,6.3853,5.995,-2.91,7.94,4.4,7.47,5.2
193803,-3.54,-29.9354,-30.2127,-23.5181,-30.3243,15.55,-37.18,-23.17,-38.21,-21.12
193804,0.23,22.08,20.4977,13.8077,15.8488,-8.49,27.68,19.02,21.37,13.04
193805,-0.27,-7.4731,-5.5133,-3.5564,-6.0495,7.01,-10.21,-3.25,-9.43,-2.38
193806,0.32,31.2731,27.6117,25.7265,30.0253,-24.79,40.57,16.35,43.79,18.42
193807,2.2,13.4073,15.3633,6.7739,9.2224,-7.02,16.64,11.01,13.28,4.87
193808,-4.72,-4.6028,-9.2856,-0.4265,-5.1808,3.64,-8.8,-3.72,-4.7,-2.5
193809,-1.62,-1.8733,-2.7862,1.3521,-0.971,2.58,-3.17,-0.71,-1.48,1.22
193810,5.03,14.0911,16.9041,6.9335,14.1797,-7.77,19.51,13.51,16.3,6.76
193811,-1.22,-5.2001,-5.9225,-1.1511,-2.8592,3.07,-5.67,-3.16,-4.91,-1.28
193812,0.53,6.0128,1.5522,3.3432,8.8637,2.18,0.2,5.83,5.33,4.05
193901,-3.94,-8.0482,-10.1457,-5.225,-11.0166,-3.04,-6.39,-9.44,-4.14,-7.18
193902,2.95,3.9084,6.2899,3.3739,6.8947,3.27,3.12,6.66,2.15,5.16
193903,-8.31,-17.785,-22.8516,-9.8064,-21.3665,-1.55,-17.91,-20.32,-12.88,-13.57
193904,-0.3,-0.4839,1.9743,-0.1313,-3.1968,2.56,-1.56,2.5,-0.48,0.58
193905,0.49,11.2711,9.8655,6.8876,9.2768,3.54,8.16,11.73,4.13,7.63
193906,-5.42,-6.8211,-10.6753,-4.3922,-11.3783,2.05,-10.41,-8.09,-6.51,-4.74
193907,-0.03,16.1292,13.6444,11.3137,13.7364,-0.55,14.24,16.1,12.57,9.6
193908,-2.42,-12.3681,-12.61,-6.309,-10.9033,5.95,-13.95,-8.78,-12.07,-5.33
193909,22.22,37.6978,54.9528,13.5797,40.771,-31.03,61.67,25.74,34.82,8.7
193910,-4.89,0.4561,-5.0048,0.028,-4.2992,6.56,-4.89,2.46,-4.02,1.75
193911,-6.46,-7.8325,-13.814,-2.6176,-9.5542,-0.29,-7.33,-9.4,-4.72,-3.23
193912,-4.06,5.9303,0.3533,3.5574,1.0169,5.38,-0.65,5.79,-0.21,4.12
194001,-0.81,-4.1988,-2.8359,-2.1568,-5.1435,1.75,-3.08,-1.71,-2.91,-0.79
194002,-0.33,4.0588,3.1638,1.2492,1.489,1.79,3.34,4.43,-0.65,1.84
194003,-1.27,4.6939,2.2805,2.3725,2.2556,-0.36,2.18,2.45,3.01,2.02
194004,-0.13,4.7401,4.0917,-0.1263,0.2697,3.24,0.91,4.43,-1.66,1.31
194005,-3.69,-27.7724,-32.4317,-22.0718,-24.7879,2.95,-29.46,-27.55,-26.26,-22.26
194006,4.62,4.4242,7.9843,4.9455,10.6339,-2.14,7.69,7.02,6.49,2.88
194007,-0.74,4.717,3.3227,3.3873,3.299,0.8,2.96,5.23,4.04,3.37
194008,0.56,2.0524,1.8886,2.1928,3.4847,-1.57,2.44,2.96,4.46,0.8
194009,-1.13,5.3698,5.2039,3.1522,1.0582,-0.28,5.11,4.68,2.5,2.37
194010,4.64,4.2145,6.2944,0.8953,8.0971,-6.51,7.7,3.98,9.84,0.53
194011,0.12,1.1473,0.1738,-1.9212,-0.7062,1.28,-0.63,2.06,-1.23,-1.36
194012,-0.89,-0.8918,-2.2785,0.5934,0.1971,3.48,-4.68,1.66,0.54,1.16
194101,3.83,-4.4429,-0.3066,-5.0365,-1.5198,-4.43,2.73,-3.71,-1.69,-4.11
194102,0.89,-3.4695,-2.8879,-1.5847,-0.389,0.97,-3.79,-2.2,-1.71,-1.36
194103,3.04,0.5236,3.7745,0.5444,3.378,2.44,0.46,2.82,-0.9,1.62
194104,3.41,-7.5563,-5.2001,-6.497,-2.035,3.01,-7.28,-4.31,-7.88,-4.84
194105,0.6,1.7628,1.5458,0.9481,2.3634,2.52,0.47,2.53,-1.08,1.89
194106,0.59,4.1184,8.46,6.1753,3.0109,-0.95,6.99,7.2,6.71,4.59
194107,7.25,10.4387,18.5406,3.7262,10.1236,-1.63,18.23,11.13,5.14,8.99
194108,-1.1,-1.1591,-0.3954,0.6862,-2.2697,0.12,-1.5,0.08,0.11,-1.23
194109,-0.28,-3.0405,-1.9489,-0.0105,-1.6652,-1.65,-1.31,-2.24,0.19,-2.18
194110,1.63,-5.8203,-6.0101,-6.0976,-2.6528,4.75,-7.19,-4.29,-7.31,-0.72
194111,-0.64,-1.0629,-2.921,-2.2704,-1.6913,4.05,-4.79,-1.8,-3.7,1.42
194112,-5.94,-5.4399,-12.6548,-4.6824,-9.3443,0.25,-10.87,-8.91,-6.01,-7.48
194201,10.1,6.7111,14.4866,-1.7916,10.6422,-3.57,14.35,11.13,4.07,0.14
194202,-1.13,0.5247,-1.7045,-2.3068,-2.3449,-0.75,-1.2,-1.43,-1.88,-3.14
194203,-0.62,-4.7636,-5.7196,-5.83,-6.1045,-0.33,-4.28,-4,-6.06,-7
194204,2.09,-6.1855,-3.7407,-4.5876,-2.8527,-0.71,-5.08,-4.92,-3.57,-5.15
194205,-2.65,0.1524,1.65,7.4477,0.6445,-4.71,2.72,-0.29,8.15,1.75
194206,0.54,1.0092,2.3613,3.0527,2.7837,-1.32,3.22,1.51,2.54,1.62
194207,2.4,5.168,5.1245,2.6864,7.5371,0.75,4.21,5.02,2.66,3.35
194208,1.35,2.2429,2.5306,1.7161,4.1208,-0.18,2.47,2.2,2.31,2.2
194209,2.35,2.1868,5.9093,2.6162,3.6029,-0.64,4.48,3.36,3.21,3.05
194210,6.39,8.291,14.3301,5.3109,12.0528,-4.07,14.82,7.74,8.31,7.25
194211,-4.21,-1.0955,-4.0203,1.0982,-4.3893,-0.88,-3.31,-2.01,2.05,-1.01
194212,0.58,2.6024,2.6673,4.8847,5.9799,3.26,1.53,4.11,3.01,6.96
194301,8.18,11.6914,23.7079,5.3474,9.6978,-0.36,18.47,19.21,7.82,6.36
194302,6.4,10.8494,17.2581,4.8117,11.1942,-1.55,15.63,10.04,4.75,7.24
194303,5.48,10.9334,14.9645,4.1328,11.0704,4.85,10.67,15.39,4.6,9.59
194304,5.82,-0.9484,8.082,-0.104,2.5081,6.17,0.2,7.32,-0.3,4.93
194305,3.25,8.8391,13.2307,5.0198,7.127,5.64,6.12,13.89,4.73,8.23
194306,-0.7,-0.2795,0.4921,2.1659,-0.0012,-1.29,1.57,-0.29,1.69,0.98
194307,-2.29,-5.1017,-9.0831,-4.7635,-5.3674,-4.57,-4.64,-10.93,-3.98,-6.82
194308,-0.43,0.3567,0.7947,1.5042,0.2076,0.88,-0.82,1.03,0.77,0.69
194309,1.43,2.9396,5.4108,2.1982,2.5796,1.8,2.2,4.94,1.91,2.78
194310,1.64,-0.6832,0.7552,-1.4439,0.3902,-0.57,0.91,0.05,-0.72,-1
194311,-4.02,-7.0715,-10.5743,-4.76,-9.3027,-4.6,-8.03,-11.3,-4.88,-10.82
194312,3.24,7.2024,12.0698,5.6723,7.2768,6.03,9.34,12.86,4.67,13.22
194401,2.16,5.0015,5.2702,0.8163,4.8589,0.98,4.57,6.01,1.33,1.85
194402,0.84,1.3581,0.6429,0.0507,2.4419,0.33,1.35,1.89,-0.22,-0.11
194403,3.43,2.0085,7.6668,2.2053,3.4078,2.51,3.74,6.15,1.77,4.39
194404,-1.14,-1.9868,-4.0867,-1.3977,-1.5758,0.55,-3.73,-3.27,-1.93,-1.29
194405,1.04,5.8092,7.0391,4.6074,5.46,1.98,6.2,7.41,3.69,6.45
194406,1.75,9.3865,10.4388,4.9317,7.3889,-5.13,15.35,7.41,7.37,5.04
194407,-0.42,0.2144,-1.4495,-1.6579,-0.8375,0.13,-1.29,-1.17,-1.49,-1.36
194408,-1.49,4.5761,1.8145,1.3605,1.146,4.66,1.68,6.53,0.48,4.95
194409,-1.16,1.5805,-0.1685,0.3319,-0.2435,-1.06,0.22,-0.75,0.21,-0.93
194410,-0.33,0.1784,-0.4625,-0.0654,-0.0829,-1.34,-0.7,-0.33,1.14,-1.91
194411,2.38,0.9635,3.7163,1.1612,3.1649,1.34,2.24,3.66,1.35,2.61
194412,5.91,6.0143,10.6257,2.4976,9.6992,3.36,8.14,7.97,2.84,9.72
194501,0.67,5.4526,4.1302,0.7604,3.4172,0.02,5.14,5.66,1.96,1.49
194502,4.34,6.6597,10.502,5.1483,9.9868,3.1,8.4,11.45,5.33,8.49
194503,-1.74,-4.406,-6.364,-3.1965,-4.7147,-3.26,-3.34,-7.2,-3.07,-5.72
194504,3.24,7.6035,9.9806,6.7601,10.8652,4.82,6.26,11.02,6.72,11.61
194505,0.36,2.8106,4.1159,2.0098,1.4259,0.11,3.5,3.48,1.86,2.1
194506,4.21,3.0464,6.7503,-1.2111,3.4995,4.14,3.55,5.64,-0.54,5.64
194507,-2.62,-3.0594,-5.4735,-1.4266,-4.2511,-2.7,-3.09,-5.01,-1.59,-5.06
194508,-4.27,7.761,4.813,8.5886,3.0064,-1.31,5.83,5.46,6.24,3.97
194509,0.42,6.563,6.3306,4.5548,5.634,1.25,6.73,5.64,3.93,7.53
194510,2.13,6.1752,7.1985,2.3629,5.6065,0.12,7.14,5.6,3.36,5.13
194511,3.96,9.342,11.428,2.8819,8.7155,4.11,9.77,10.65,3.36,10.71
194512,-2.28,4.0814,1.6692,1.7707,-0.3677,1.25,3.23,2.12,0.77,4.38
194601,2.48,9.6521,12.2513,6.0984,8.4635,3.78,7.44,11.24,4.53,8.28
194602,-1.46,-6.2301,-7.3297,-5.8802,-7.7026,-1.44,-5.85,-7.05,-5.31,-7
194603,-0.54,6.5063,5.6932,5.1627,4.8957,2.68,4.45,6.38,5.31,8.74
194604,0.32,4.3708,6.3104,3.7606,2.4607,2.98,2.41,7.18,4.08,5.26
194605,1.28,6.7327,5.839,3.1851,6.645,-0.46,5.85,5.43,3.71,3.21
194606,-0.39,-4.6884,-5.9474,-4.4139,-3.9433,-2.5,-3.5,-5.88,-2.5,-5.12
194607,0.07,-4.823,-5.0232,-2.7259,-2.3882,-0.02,-4.79,-4.36,-2.27,-2.74
194608,0.55,-8.496,-7.5082,-6.3142,-6.1978,-0.04,-7.96,-8.73,-7.08,-6.39
194609,-1.92,-13.9706,-15.7756,-9.7783,-11.8073,0.74,-16.35,-14.14,-10.44,-11.16
194610,3.46,-3.1786,0.7589,-2.5023,0.48,1.03,-1.39,-0.91,-2.61,-1.03
194611,1.47,-1.5735,1.3003,-0.2321,-0.1738,0.19,-0.73,-0.98,-1.38,-0.76
194612,-1.36,5.7084,4.3376,5.2767,3.9343,-0.08,5.23,5.07,4.97,4.96
194701,-0.73,4.5305,3.2753,2.1741,1.9613,-6.36,6.23,2.92,7.42,-1.99
194702,0.15,-1.2703,0.873,0.071,-1.7817,-0.52,-0.53,0.28,0.14,-1.71
194703,0.61,-3.3564,-2.3985,-1.793,-1.5219,4.13,-5.42,-1.42,-4.66,-0.39
194704,0.85,-9.3357,-8.095,-5.1304,-4.6654,4.99,-11.53,-6.24,-8.65,-3.97
194705,0.33,-5.22,-3.6097,-1.1203,-2.0662,3.34,-6.35,-3.03,-3.76,-0.4
194706,-0.59,4.3188,5.0277,6.4523,4.5555,-1.67,5.62,2.87,5.52,4.92
194707,2.82,5.2344,7.0484,3.5118,7.3342,-3.43,7.06,5.54,8.38,3.03
194708,0.18,-1.8585,-1.1507,-1.8587,-2.1997,3.33,-2.71,0.62,-4.7,-1.38
194709,1.36,0.4098,2.6373,-0.6744,-0.1814,0.01,0.57,1.78,0.34,-0.85
194710,0.07,3.5397,2.9041,2.2304,3.0043,1.57,3.12,4.42,1.43,3.28
194711,1.1,-4.4555,-2.5478,-2.0816,-1.7796,4.27,-6.01,-1.42,-4.67,-0.73
194712,3.71,0.1759,3.0769,2.0173,6.5408,3.62,-0.06,3.99,0.9,4.1
194801,1.39,-1.7489,-0.1724,-4.539,-3.336,-4.3,1.09,-3.21,-1.24,-5.54
194802,0.07,-5.9905,-5.811,-4.6491,-4.6973,1.44,-7.32,-6.83,-6.13,-3.75
194803,4.5,6.4133,12.234,7.8154,11.0026,-0.31,9.03,9.28,10.42,9.54
194804,4.11,1.2935,4.686,2.2742,7.0963,4.09,1.94,5.05,1.26,6.34
194805,-1.27,9.3433,7.4827,8.505,7.8323,2.3,8.97,9.69,4.66,8.53
194806,2.81,-2.8594,0.4448,-0.6228,1.7011,4.08,-3.41,2.49,-0.97,1.28
194807,0.14,-5.0394,-5.4277,-5.0109,-4.3526,-1.61,-5.15,-6.17,-3.6,-5.79
194808,0.28,-1.2187,-0.3647,0.877,0.5907,0.23,-1.58,-0.03,1.25,0.16
194809,-1.71,-2.9725,-5.4006,-2.7272,-3.726,-1.31,-4.48,-5.48,-2.49,-4.1
194810,0.58,4.065,5.3752,6.4318,6.2724,2.8,3.1,6.77,5.31,7.24
194811,-4.13,-9.6917,-12.909,-8.3439,-13.3862,0.54,-12.64,-11.23,-10.47,-10.81
194812,-1.94,1.377,0.1269,4.9312,2.2947,4.63,-1.47,3.72,0.59,4.65
194901,1.23,1.2533,2.9558,0.5644,1.3304,-2.9,3.54,1.38,2.5,-1.16
194902,-0.86,-5.4013,-5.5692,-2.4792,-4.0374,-0.41,-5.18,-5.64,-3.06,-3.42
194903,1.29,6.3941,8.151,4.2292,5.0451,-0.94,7.7,6.86,5.34,4.3
194904,-1.13,-1.6677,-3.3838,-2.076,-2.6169,3.1,-4.7,-1.56,-4.34,-1.28
194905,-2.37,-3.8322,-5.1082,-1.8599,-5.3144,2.98,-7.18,-3.43,-4.26,-2.04
194906,-1.65,-1.3849,-1.1187,1.1072,-2.4522,-1.06,-0.44,-1.71,1.23,0.38
194907,0.37,6.4991,5.7226,5.2446,6.761,-1.49,6.69,6.06,7.1,4.75
194908,-0.55,3.2778,2.0828,2.7176,2.8063,1.72,1.3,4.14,2.33,2.93
194909,0.19,5.4115,4.0587,2.6496,4.3781,-1.41,5.51,4.94,5.49,3.23
194910,-0.48,5.086,4.1293,3.2656,3.2714,0.06,4.3,3.68,2.66,3.41
194911,-0.96,0.4606,0.0258,2.9316,1.4372,1.22,-0.21,1.08,1.78,2.94
194912,1.77,6.939,8.811,5.3244,6.9841,-0.78,8.8,7.64,6.54,6.14
195001,0.12,7.2216,4.6281,0.8634,3.6993,-2.34,6.98,3.63,3.21,1.89
195002,-0.79,1.6427,0.576,1.5742,1.0643,1.39,2.04,2.07,-0.07,2.68
195003,-2.81,2.4311,-2.0218,1.921,0.7578,1.47,-2.14,0.44,1.75,2.11
195004,1.3,5.809,7.3816,4.3505,5.3842,0.41,7.07,4.41,2.81,6.3
195005,0.46,1.6118,3.0579,4.6314,4.1046,0.37,2.67,2.92,4.79,5.29
195006,-0.7,-7.052,-8.9044,-5.457,-5.0086,-1.58,-6.77,-9.09,-5.15,-6
195007,13.56,0.9915,11.6038,-3.4767,13.0375,-0.47,5.45,6.42,1.39,-0.51
195008,-1.5,4.5476,5.0419,6.0952,2.6001,3.19,5.28,7.21,2.74,7.2
195009,-1.07,5.7172,4.9267,5.7728,4.4333,-0.17,5.8,5.32,5.18,5.32
195010,1.3,-0.3128,0.3019,-0.1764,1.8064,1.53,-0.9,0.54,-0.86,0.76
195011,3.33,0.2887,5.0141,2.4046,4.3401,3.63,1.4,4.81,-0.39,3.45
195012,7.36,5.1974,12.476,3.3433,10.792,4.99,6.22,11.84,2.38,6.75
195101,3.64,6.7818,10.6312,5.162,8.5984,2,7.98,10.03,4.56,6.52
195102,-2.85,1.8111,-0.2098,2.2422,-1.4461,-1.55,1.85,1.22,2.7,0.23
195103,-4.1,-1.5113,-5.6968,-0.7124,-4.7251,-2.97,-1.69,-5.45,-1.12,-3.3
195104,3.27,2.193,6.4513,4.4209,6.7054,6.01,1.54,5.66,0.89,8.79
195105,-1.37,-1.7383,-3.3139,-2.3408,-3.5148,-0.93,-3.22,-3.46,-0.73,-2.36
195106,-3.75,-3.9528,-7.1987,-2.1913,-6.4549,-2.38,-3.74,-7.54,-1.24,-2.2
195107,2.06,5.3862,6.7646,6.7108,9.4515,7.27,2.7,9.62,4.1,11.72
195108,-0.13,5.9784,5.0422,4.2212,4.8958,1,5.01,6.52,3.58,4.07
195109,0.63,2.3972,2.7886,0.5856,1.462,0.49,2.31,3.08,0,0.2
195110,0.23,-2.0489,-3.3423,-3.7969,-2.0471,-0.2,-2.45,-2.82,-1.87,-1.9
195111,-0.06,0.3986,0.3477,0.7789,0.708,0.57,-0.17,1.09,0.67,0.55
195112,-1.59,1.1428,0.5911,4.2486,1.6217,1.68,0.6,1.24,2.03,4.76
195201,1.55,1.6799,1.4297,0.4224,3.7717,1.35,1.29,2.27,1.57,3.29
195202,-0.61,-2.0438,-1.9656,-2.176,-3.476,-0.68,-1.84,-2.9,-3.04,-3.34
195203,2.17,1.2554,3.3327,4.371,6.627,1.59,2.07,3.01,3.81,6.04
195204,-0.1,-4.7813,-4.1123,-4.652,-5.5171,-2.06,-4.25,-5.65,-3.84,-6.56
195205,0.04,2.2833,2.7053,3.7903,3.4577,0.51,1.43,2.74,3.8,3.52
195206,1.24,1.6669,3.3299,3.9018,4.7258,1.48,1.86,3.3,3.04,4.55
195207,-0.35,0.9702,-0.1746,1.2211,1.6605,-0.57,0.68,0.78,1.87,0.62
195208,0.01,0.0304,0.2266,-0.7879,-0.9709,0.34,0.18,0.78,-0.86,-0.77
195209,-1.52,0.1735,-2.1912,-1.6986,-2.3742,1.7,-2.45,-0.76,-3.32,-1.61
195210,-0.46,-0.7374,-1.9705,-0.7482,-0.4279,2.82,-2.98,0.67,-1.89,0.09
195211,0.97,5.5155,6.0762,6.2609,7.642,0.48,5.75,6.13,6.19,6.78
195212,0.19,1.9113,1.7299,3.1486,3.7045,1.59,1.38,2.75,2.08,3.9
195301,1.32,3.7943,3.9666,-0.9102,1.5482,0.71,3.63,4,-1.48,-0.43
195302,-0.09,1.3219,1.7434,-0.2122,-0.8049,0.88,1.36,2.81,-0.4,-0.08
195303,-0.85,-1.7287,-2.0624,-1.2085,-2.5659,0.07,-2.3,-1.43,-1.15,-1.89
195304,1.57,-3.0868,-1.0693,-2.9693,-1.8519,1.91,-2.64,-1.8,-4.57,-1.58
195305,0.23,0.7109,0.7102,0.8917,1.3513,0.94,-0.27,1.26,0.79,1.14
195306,-0.47,-3.1979,-3.9949,-1.7001,-1.8494,0,-4.35,-2.96,-0.93,-2.33
195307,-0.22,0.8551,1.5137,2.9809,1.8848,-0.25,1.46,1.46,3.05,2.55
195308,-3.53,-3.2764,-6.3306,-3.9714,-7.9756,2.12,-7.31,-4.31,-5.36,-4.12
195309,-2.44,0.0385,-2.2912,0.8979,-1.6532,2.85,-2.93,-0.35,-1.02,2.1
195310,-0.25,3.142,3.0779,5.083,4.6557,0.21,3.31,4.02,4.79,4.51
195311,-0.15,1.5292,1.2857,3.352,3.2942,1.9,1.36,2.24,1.36,4.27
195312,-2.84,0.2591,-2.7596,0.528,-2.1293,5.21,-5.4,1.09,-2.7,1.22
195401,3.44,4.7348,8.1997,4.4643,7.8701,-5.83,10.09,3.67,9.21,3.97
195402,-0.29,1.0862,1.408,1.6515,0.754,1.04,0.53,1.73,1.26,2.15
195403,-1.5,2.6329,2.1357,4.244,1.746,2.04,1.96,3.78,2.83,5.07
195404,-0.34,-0.2482,0.3977,5.3108,3.9896,4.97,-1.42,1.91,-0.26,6.35
195405,2.45,3.9802,5.1167,2.8614,6.6242,-1.9,5.81,5.7,5.64,1.96
195406,0.01,0.5735,1.3752,1.8428,1.0571,3.51,-0.29,2.6,-2.35,1.77
195407,4.13,5.5421,9.1082,4.295,8.9941,0.48,7.61,8.64,4.15,4.08
195408,-1.38,-0.1185,-0.887,-2.9947,-4.9917,-0.66,-0.1,-0.16,-2.1,-3.36
195409,0.68,2.8897,4.6674,6.8828,6.4643,1.56,3.81,4.69,6.09,8.34
195410,0.67,0.5601,-0.7137,-2.2614,0.3434,0.95,-1.02,-0.1,-1.54,-0.56
195411,4.4,7.0826,9.6613,9.5778,15.7986,1.9,9.7,9.11,6.5,10.89
195412,5.66,7.5331,11.3905,4.2803,11.744,-1.33,11.97,8.53,5.04,5.82
195501,2.14,1.5894,2.3861,0.0723,3.5499,1.36,0.73,2.12,0.09,1.41
195502,0.58,3.8044,4.6345,3.0684,3.4022,1.09,3.43,5.46,3.21,3.36
195503,1.97,-0.778,0.6753,-0.2787,2.2127,1.04,0.1,0.62,-0.37,1.19
195504,0.68,1.6264,2.6442,4.0887,4.4324,0.07,1.52,1.5,2.32,2.48
195505,-0.96,0.5818,0.4058,1.9461,0.1997,0.51,0.68,0.71,0.5,1.49
195506,1.84,2.1083,3.5315,6.5865,8.8422,4.62,1.4,4.18,3.64,10.1
195507,0.35,-1.6321,1.306,2.6436,0.396,-1.21,0.57,0.25,0.94,-1.16
195508,0.72,-0.0701,0.2659,0.3402,1.4474,1.79,-0.61,1.29,-0.42,1.26
195509,-0.99,-0.7222,-0.3441,0.0578,-2.299,1.82,-0.39,0.82,-1.09,1.34
195510,-0.15,-1.4384,-1.2686,-2.8186,-3.2838,-0.6,-1.98,-0.88,-1.62,-3.91
195511,0.33,5.9972,5.2657,8.3322,9.7196,2.7,5.58,6.57,4.38,8.79
195512,-2.3,3.4725,2.5601,1.9789,-1.7027,-1.35,3.87,3.18,3.15,1.14
195601,0.95,-2.3277,-1.7034,-3.6267,-2.3554,-1.4,-2.07,-1.99,-1.34,-4.21
195602,-0.43,1.9377,2.3804,4.7654,3.46,1.96,2.24,4.33,2.71,4.54
195603,-0.46,3.4322,5.1882,7.8836,5.1985,3.6,2.47,6.15,4.61,8.12
195604,-0.24,1.2824,0.0938,0.107,0.8141,2.58,-0.5,1.74,-1.53,1.4
195605,-1.31,-3.398,-4.5065,-5.1203,-6.625,-1.61,-3.78,-4.07,-3.17,-6.1
195606,-1.13,1.0128,1.3162,4.3047,1.7512,2.73,0.46,3.27,2.43,5.09
195607,-0.04,3.3517,3.4705,5.0829,4.8851,2.5,2.36,4.83,3.21,5.73
195608,-0.74,-0.2685,-2.1439,-3.5272,-3.129,-0.69,-1.6,-0.96,-2.68,-4.7
195609,1.76,-3.3845,-2.1313,-5.9383,-3.6745,-0.75,-3.19,-2.72,-4.59,-6.56
195610,-0.06,1.1872,0.4057,0.6819,1.3341,2.43,-1.5,2.41,0.51,1.47
195611,1.78,-0.3115,2.2516,-0.3983,0.591,3.41,0.49,2.15,-2.52,2.64
195612,-2.15,4.3647,2.2078,3.8264,1.6819,3.82,0.13,5.65,2.65,4.77
195701,2.81,-0.7927,2.0202,-4.4516,-1.6359,-3.09,3.53,-0.23,-2.6,-5.01
195702,-0.72,-2.8013,-2.7095,-1.5275,-3.0645,0.32,-3.51,-2.54,-2.31,-2.64
195703,-0.48,2.2189,2.2445,2.7044,1.7164,-0.18,2.56,1.58,1.68,2.29
195704,-1.45,2.2226,2.332,5.6088,2.6036,1,1.44,2.22,4.34,5.56
195705,-2.1,3.0121,1.7131,4.7371,1.8302,0.48,1.71,1.18,3.45,4.95
195706,0.01,0.0903,0.7272,-0.1233,-0.7328,0.79,-1.41,-0.74,-0.6,0.31
195707,0.43,-0.6273,0.4256,1.2811,1.0783,-0.07,-0.02,-0.03,0.8,0.67
195708,-0.41,-4.9836,-5.1912,-5.4514,-6.0634,0.47,-5.8,-5.28,-6.2,-5.77
195709,0.92,-7.1005,-5.0458,-6.3295,-6.5429,0.53,-6.53,-4.69,-5.9,-6.69
195710,-1.8,-8.1775,-8.2617,-3.771,-7.2925,1.95,-8.72,-7.56,-6.05,-3.31
195711,-2.87,3.2423,1.0946,3.0955,-0.5021,1.27,0.61,2.97,3.44,3.63
195712,-1.62,-4.601,-5.8678,-3.9214,-5.8875,7.82,-9.35,-1.62,-9.46,-1.56
195801,4.19,12.2097,11.9178,3.3984,12.0687,-7.62,16.4,7.21,8.91,2.86
195802,0.33,-1.6496,-0.5017,-1.8071,-2.2917,3.73,-3.56,1.37,-3.11,-0.6
195803,-0.97,5.0565,3.1135,3.4064,3.4058,-1.88,5.38,4.91,6.52,3.23
195804,1.61,2.948,4.3224,3.332,5.1872,1.84,1.96,4.37,1.57,2.83
195805,-0.26,6.4635,4.2645,2.0583,3.7347,-1.8,5.33,3.62,3.93,2.03
195806,0.4,2.1201,2.991,3.1465,3.0753,-0.88,3.34,2.62,3.92,2.88
195807,3.06,4.2272,7.1336,4.3856,7.609,-3.7,8.17,3.1,4.4,2.08
195808,0.36,4.3354,3.2318,1.7085,3.5333,0.21,2.51,4.62,2.61,0.91
195809,2.85,5.5017,7.7889,4.7619,8.1716,-1.1,6.55,4.94,5.07,4.49
195810,-1.18,6.9335,3.0463,2.607,4.1345,3.15,2.63,5.17,1.48,5.23
195811,-1.18,7.6723,4.0856,3.3185,4.5387,1.58,3.75,4.77,2.35,4.5
195812,0.03,2.7461,3.8361,4.975,3.9448,-0.63,4.39,3.14,5.65,5.64
195901,2.91,4.4917,5.6035,-0.6209,4.0781,-0.26,4.6,4.3,0.83,0.6
195902,1.16,2.3973,2.9076,0.4613,2.2671,3.45,1.97,4.3,-1.1,3.47
195903,-0.34,1.606,1.7328,0.7407,-0.0759,0.16,0.95,1.81,0.89,0.33
195904,-1.23,3.777,2.1226,4.7089,3.8935,3.17,1.45,4.18,2.47,6.08
195905,1.79,-1.407,1.3377,2.7434,3.5877,1.49,0.76,0.29,0.88,4.32
195906,1.31,1.7232,1.8299,-0.3827,2.1358,2.9,-0.82,1.54,-1.21,2.23
195907,0.23,2.1952,3.5632,3.9908,3.0828,-0.3,2.45,3.97,3.81,1.7
195908,0.44,-1.8317,-1.913,-1.3549,-0.3839,-1,-0.81,-2.78,-2.23,-2.26
195909,0.55,-5.3951,-3.995,-5.0254,-5.3237,0.93,-4.99,-4.72,-5.81,-4.23
195910,-2.1,3.9778,1.1012,1.4464,0.1319,3.71,0.53,4.7,0.37,3.63
195911,-3.21,3.8377,0.5945,3.0126,-0.1725,2.23,0.82,2.75,0.36,2.89
195912,-0.07,3.426,2.1134,2.9781,4.16,1.03,0.97,3.49,2.98,2.52
196001,2.78,-5.8167,-2.8628,-8.2071,-5.5931,-3.54,-1.43,-6.05,-5.53,-7.98
196002,-1.93,2.0494,0.5956,1.3139,-1.0929,3.92,-0.28,2.3,-2.34,2.93
196003,-2.94,-2.2401,-3.9046,-0.8789,-5.0967,1.38,-4.07,-2.08,-1.36,-0.59
196004,-2.28,0.1366,-2.9882,-1.5721,-3.0143,2.84,-4.19,-1.16,-2.66,-0.02
196005,-3.7,5.2614,2.451,4.31,-0.2716,4.79,0.85,4.2,-0.17,6.05
196006,-0.34,2.3744,1.4522,2.5669,2.7993,0.86,1.45,2.33,1.92,2.75
196007,1.98,-3.2061,-1.4318,-3.4769,-1.2884,-0.81,-2.45,-2.37,-0.79,-2.49
196008,-0.18,4.1735,4.1669,2.7378,2.3875,1.91,3.77,5.97,2.24,3.86
196009,1.62,-7.6558,-6.0058,-6.7352,-5.148,0.32,-8.16,-5.33,-4.42,-6.62
196010,2.83,-6.7183,-2.762,-0.614,1.0929,1.25,-4.7,-3.15,-1.1,-0.14
196011,-2.43,6.5493,3.1327,5.4248,3.9773,3.78,3.24,7.59,3.28,6.49
196012,-0.81,4.1529,2.4035,3.5644,3.6988,1.41,3,3.24,4.25,6.84
196101,3.72,7.4118,9.6199,4.9162,10.1383,-4,12.19,5.88,6.88,5.2
196102,-0.66,7.771,7.3587,4.0441,3.1417,0.98,6.67,8.56,4.01,4.08
196103,-0.73,7.362,5.9946,2.1715,2.075,4.54,3.59,9.9,1.33,4.11
196104,2.12,1.136,2.3956,-0.3161,2.6644,3.6,-0.16,2.92,-2.98,1.14
196105,0.37,3.5699,4.8259,3.1987,2.6756,-1.57,5.75,3.99,3.11,1.72
196106,-0.14,-5.8585,-5.5313,-2.2745,-2.8821,0.33,-5.99,-5.11,-2.59,-2.8
196107,-0.09,-0.5142,1.3313,3.1593,1.1407,0.27,1.22,0.61,2.47,3.62
196108,-0.28,0.7691,1.1012,3.2055,2.3077,1.59,0.6,1.91,1.86,3.74
196109,-0.61,-4.6924,-3.3019,-1.176,-3.7784,0.82,-4.59,-2.34,-1.41,-2.03
196110,0.15,0.8745,0.2788,2.2585,3.1468,3.11,-0.51,3.3,1.81,4.22
196111,-1.23,6.5024,4.7062,4.8918,4.2212,1.35,4.59,6.48,3.63,4.44
196112,1.79,-1.2784,0.3555,-0.2199,1.7303,-2.21,0.82,-0.44,0.55,-2.6
196201,5.13,-2.605,2.2592,-5.0016,0.3934,-2.03,0.96,-1.96,-3.67,-4.82
196202,0.82,0.7054,1.7967,1.8606,2.4047,-1.01,1.87,-0.1,0.76,0.72
196203,-1.38,0.4216,-0.5598,-0.3751,-2.1517,1.84,-2.2,0.36,-1.21,-0.09
196204,0.03,-6.3111,-6.8347,-6.6656,-6.0788,2.91,-9.08,-6.91,-8.69,-5.05
196205,2.77,-12.252,-9.5501,-9.0826,-6.2353,0.41,-10.86,-10.58,-8.6,-8.05
196206,2.55,-9.7765,-7.059,-9.0125,-6.6288,6.46,-12.2,-5.99,-12.8,-6.09
196207,-3.41,8.943,6.5163,7.8649,3.4812,0.52,7.27,6.1,4.56,6.78
196208,-1.2,4.5675,2.4273,2.7447,2.494,-0.6,4.2,2.43,2.46,3.04
196209,1.28,-8.0572,-6.193,-5.0148,-4.314,3.95,-9.15,-5.21,-7,-3.05
196210,1.3,-4.9603,-2.0999,0.5823,0.3196,0.76,-4.09,-3.27,-0.18,0.52
196211,0.95,14.9374,14.3781,11.3537,13.8057,-7.16,18.54,11.37,16.07,8.91
196212,0.36,-3.5883,-2.179,1.5329,0.8372,5.89,-5.61,1.06,-1.5,3.61
196301,2.21,7.6553,9.819,4.9537,7.2031,-2.11,10.47,8.2,6.31,4.36
196302,2.18,-2.5588,0.001,-2.7851,-0.9838,2.53,-2.93,0.61,-3.45,-1.95
196303,2.06,-0.0316,2.4028,3.4082,5.0932,1.62,0.61,2.69,3.38,4.55
196304,1,3.6602,4.8496,4.9908,5.7941,-0.09,2.98,4.07,6,4.74
196305,2.54,1.8071,5.4639,2.252,3.682,0.33,4.11,4.46,2.34,2.66
196306,0.75,-1.2773,-1.7731,-2.326,-0.332,1.21,-1.14,-0.99,-3,-0.73
196307,-0.97,-0.996,-1.1202,-0.0411,-1.8554,0.9,-1.33,-1.07,-1.53,0
196308,1.8,4.5361,5.7786,5.389,7.7374,1.01,4.09,6.36,5.86,5.62
196309,0.13,-3.0338,-1.9949,-1.0644,-1.85,0.19,-1.87,-1.27,-2.45,-2.66
196310,-0.1,1.2001,2.7144,3.8445,2.1333,3.12,1.05,3.52,0.81,4.57
196311,1.75,-2.9288,-0.3615,-0.2458,0.6863,-0.74,-2.32,-1.41,-0.33,-2.72
196312,-0.02,0.26,0.1898,2.0405,2.0776,1.75,-1.67,0.24,0.96,2.53
196401,1.48,0.8461,3.9545,2.6865,2.5345,0.86,2.52,1.54,0.27,2.96
196402,2.81,1.5955,4.1435,1.4253,4.4977,0.26,2.87,2.96,1.28,1.72
196403,3.4,0.5705,5.1951,0.9246,3.1099,0.75,2.64,3.77,1.38,1.75
196404,-0.67,-1.7606,-1.4626,0.4194,-1.2104,-0.58,-0.22,-0.4,1.15,0.17
196405,1.86,0.9717,2.0641,1.5106,4.1377,2.57,0.01,2.31,0.26,3.09
196406,0.62,1.3983,1.9892,1.6666,2.3232,0.46,1,1.51,1.33,1.73
196407,0.75,1.5138,2.6263,1.9299,2.3212,-0.35,2.51,2.46,2.79,2.13
196408,0.08,-1.4974,-1.2129,-1.2341,-1.3608,-0.22,-1.32,-0.83,-0.36,-1.27
196409,1.7,3.3709,3.5648,2.3822,5.5787,-0.41,4.24,3.63,3.73,3.52
196410,1.17,1.1,2.341,0.2758,1.3829,0.08,0.65,1.76,1.59,0.64
196411,-1.96,-0.1715,0.0818,0.4912,-3.681,1.03,-1.17,-0.21,0.03,1.12
196412,-2.48,0.3628,-1.5316,1.1149,-1.9539,-0.74,-1.27,-1.28,1.51,0.04
196501,0.12,7.0003,6.6399,3.9591,4.5649,-1.44,7.68,6.02,3.7,2.48
196502,0.11,3.7212,4.3507,0.601,0.1864,0.32,2.84,4.32,1.49,0.65
196503,1.03,0.8913,1.5186,-1.1241,0.314,0.15,1.68,1.44,-1.11,-0.56
196504,0.66,3.1183,5.2843,3.8016,2.9536,2.63,3.41,5.45,2.51,5.72
196505,-1.61,-0.1126,-1.3166,-0.2667,-2.2744,0.6,-1.46,-0.55,-0.09,0.19
196506,0.59,-9.9226,-8.5618,-4.5515,-4.727,-3.13,-8.24,-10.26,-3.53,-7.76
196507,2.2,2.5334,4.1342,1.3395,4.1297,4.1,1.68,4.93,0.22,5.18
196508,-1,6.6726,5.0715,2.9019,2.504,2.58,4.8,6.86,2.2,5.3
196509,-0.13,3.8881,3.8147,3.7823,3.5859,3.3,1.98,5.1,2.1,5.58
196510,1.56,5.9453,6.3906,2.8072,5.4895,3.46,4.61,7.32,1.3,5.51
196511,0.15,4.0876,4.68,-0.0039,-0.2972,4.45,1.32,6.4,-0.49,3.32
196512,2.03,3.8682,4.7121,0.842,4.0673,0.12,4.54,4.12,1.09,1.76
196601,3.56,4.2813,6.9633,-0.1714,4.269,5.39,4.24,8.08,-1.37,5.57
196602,0.33,3.6803,3.3582,-1.6233,-0.6484,4.57,1.7,5.3,-2.49,3.05
196603,-1.98,-0.4175,-1.9266,-1.5547,-4.0093,1.42,-1.88,-1.98,-2.86,0.07
196604,-0.46,5.6851,5.6828,2.459,1.5507,6.28,0.21,8.74,0.83,4.86
196605,-1.63,-9.9429,-10.3674,-4.2114,-7.0464,-4.7,-6.34,-12.01,-3.85,-7.57
196606,0.5,0.8269,-0.0157,-1.9931,-0.1531,3.25,-1.69,1.01,-1.86,1.94
196607,0.95,-2.1391,-0.72,-1.6477,-1.1721,-1.34,-0.79,-2.45,-0.62,-1.64
196608,0.43,-11.1093,-10.4844,-7.6265,-7.3849,-2.14,-9.66,-11.45,-6.44,-8.93
196609,0.56,-2.0728,-1.4406,-0.9883,-0.5054,-1.84,-1.24,-2.05,-0.03,-2.9
196610,2.69,-3.6037,-0.1041,3.3124,5.1947,-5.26,-0.38,-3.72,6.42,-0.76
196611,-4.69,7.7252,2.609,3.7009,-0.5612,5.72,4.26,7.34,-1.84,6.52
196612,-1.19,3.3601,0.7822,-0.3564,-0.1645,1.06,1.42,3.26,0.15,0.42
196701,2.27,17.8461,17.6522,7.8965,12.6306,-6.93,22.07,14.92,13.63,6.91
196702,-2.22,4.705,3.1331,1.9857,-0.8887,3.52,2.26,5.56,-1.59,2.14
196703,0.37,5.9768,5.5722,4.3075,5.461,1.53,5.3,7.81,3.75,4.29
196704,-2.48,5.5597,3.4647,6.001,3.1401,0.59,2.92,5.8,6.72,5.02
196705,1.09,-1.73,-2.2992,-4.9525,-2.1994,0.72,-1.36,-1.27,-5.12,-3.77
196706,0.85,9.649,8.2267,1.4707,4.5906,6,5.27,12.84,0.57,5
196707,2.73,7.0273,10.2558,4.9185,7.1492,-1.07,9.23,8.78,6.86,5.17
196708,1.44,-0.3555,0.4821,-0.7586,1.29,-1.38,1.22,-1.06,-0.7,-1.19
196709,-2.5,6.8718,4.5936,3.7985,1.0866,2.52,3.79,7.18,3.09,4.72
196710,-3.3,-0.8656,-3.4492,-1.5154,-5.5375,3.67,-3.32,-1.69,-3.99,1.73
196711,-1.7,1.2999,-0.8663,1.0867,-0.1409,1.26,-0.18,0.88,0.53,2
196712,-0.53,11.0819,8.1061,2.1451,4.0608,3.25,5.41,11.46,2.61,3.07
196801,4.8,-1.405,3.4917,-6.151,-1.4448,-4.7,2.88,-0.05,-1.06,-7.53
196802,1.28,-7.4998,-4.9376,-3.3073,-3.3115,-3.43,-3.46,-7.66,-2.53,-5.2
196803,-0.59,-0.7159,-0.4988,1.8364,0.4382,3.23,-1.53,-0.38,-0.54,4.77
196804,-1.13,17.2535,13.2204,10.2455,12.0217,5.09,12.77,17.29,7.22,12.87
196805,0.85,9.6046,8.8094,2.4723,4.9767,3.8,7.72,11.18,0.78,4.92
196806,0.73,-0.2087,1.5647,-0.0179,-0.3301,-1.9,1.1,0.48,2.87,-0.31
196807,5.39,-5.6047,0.2387,-4.5169,0.4228,-0.88,-3.88,-3.15,-1.71,-4.21
196808,1.01,3.9146,4.6678,1.1224,2.3848,1.89,2.09,5.35,1.31,1.84
196809,0.3,7.4185,6.5425,3.3287,4.8116,-0.65,7.25,7.84,5.52,3.62
196810,2.86,-0.5614,1.3332,-0.6203,3.1968,-1.46,0.8,-0.01,2.35,0.25
196811,-0.92,8.5717,6.7563,5.5073,5.4733,1.75,7.92,8.33,5.35,8.43
196812,-0.01,0.3302,-1.0953,-4.8652,-3.4555,-0.01,-0.7,-0.64,-4.31,-4.39
196901,1.67,-1.8141,-0.7065,-1.8167,0.4064,-0.17,-0.67,-0.75,-1.32,-1.59
196902,0.91,-10.3301,-7.4858,-3.952,-4.9845,-2.36,-9.05,-9.73,-3.17,-7.21
196903,-0.51,3.1033,3.1831,3.8919,2.7972,3.97,-0.69,4.86,2.3,4.69
196904,-0.03,0.835,1.1374,3.2394,2.874,1.13,-0.56,1.26,2.64,3.09
196905,0.7,-0.2338,0.0718,-0.1839,0.9152,1.7,-0.79,0.48,-0.93,1.21
196906,-1.08,-12.2122,-10.9413,-3.4067,-6.847,-2.3,-12.63,-12.36,-2.97,-7.85
196907,1.2,-11.1679,-7.4247,-4.7347,-6.0828,1.71,-12.38,-9.73,-6.96,-6.2
196908,-3.79,7.3305,3.8237,6.7198,2.6459,2.17,5.81,8.23,4.08,6.01
196909,-3.27,-0.4689,-2.8037,-0.5804,-4.7781,2.52,-2.84,-0.4,-4.6,-1.99
196910,-3.16,10.9353,7.2155,6.3133,3.7212,-4.31,11.15,6.92,9.03,4.64
196911,-1.19,-5.4549,-6.3987,-2.0767,-3.5055,3.66,-7.5,-3.55,-4.89,-1.52
196912,-2.86,-5.1118,-6.3757,0.0964,-4.3616,4.96,-9.05,-4.13,-5.06,-0.05
197001,3.13,-6.0263,-2.2378,-8.0937,-5.624,0.6,-4.19,-6.45,-10.16,-6.71
197002,3.93,2.5541,6.1774,3.8115,8.0565,0.23,3.45,4.52,6.27,5.65
197003,3.99,-5.0571,0.0746,-1.7482,1.0942,-0.36,-2.69,-3.46,-1.52,-1.48
197004,6.18,-20.5958,-11.2213,-10.5147,-7.5195,-0.77,-18.66,-19.04,-8.98,-10.13
197005,3.33,-11.109,-8.0596,-7.8109,-4.2061,-2.78,-10.14,-10.29,-1.69,-7.09
197006,0.6,-8.6821,-6.0213,-5.4642,-6.9337,5.7,-11.45,-3.87,-8.12,-4.3
197007,0.9,7.6004,6.716,5.2034,7.8949,-3.14,7.3,6.08,11.36,6.3
197008,1.15,6.124,6.6583,4.1249,5.8857,-6.55,10.29,3.46,9.78,3.51
197009,-5.47,17.0959,9.486,7.201,3.8662,-8.8,18.9,8.25,9.24,2.28
197010,0.22,-6.7082,-4.0544,-0.6637,-2.8685,9.42,-11.55,-0.11,-8.02,-0.63
197011,1.69,0.5113,2.6207,5.093,6.3668,2.73,-0.42,3.64,4.54,5.94
197012,1,7.7683,9.3216,5.3845,5.8366,-2.23,9.32,8.13,7.7,4.43
197101,1.33,10.4614,12.5174,4.6644,5.2684,-6.51,15.06,9.04,10.21,3.2
197102,-1.23,4.5227,2.3794,2.3764,2.0632,0.79,4.55,4.49,0.5,2.14
197103,-3.95,8.9358,4.8168,5.8231,2.0489,-1.41,6.11,5.96,6.6,3.92
197104,0.69,3.0747,3.2397,3.9165,5.1225,1.41,2.35,3.86,4.01,5.31
197105,-1.44,-4.0241,-5.101,-2.7531,-4.5471,0.86,-6.38,-4.63,-3.41,-3.43
197106,-1.87,0.2361,-2.2472,1.1456,-0.1057,2.73,-3.42,0.84,0.34,1.53
197107,0.02,-6.6487,-5.8546,-4.12,-4.8713,-2.35,-4.86,-5.9,-2.85,-6.51
197108,2.63,4.3212,6.5584,5.4943,8.5176,3.61,2.69,6.57,2.5,5.85
197109,-2.91,0.9006,-2.0224,0.3621,-2.5391,2.12,-2.41,0.73,-1.5,-0.41
197110,-0.48,-5.9435,-6.5569,-3.903,-4.2427,0.47,-7.76,-5.33,-3.37,-4.85
197111,-1.68,-2.9587,-4.0116,0.8546,-1.4552,1.51,-4.21,-1.85,-0.33,0.34
197112,-0.4,13.4551,12.1094,8.9589,9.5107,-0.58,13.81,12.66,9.19,9.17
197201,2.24,8.4904,10.4402,2.6593,5.1822,0.17,10.81,8.72,-0.03,2.4
197202,-2.79,4.6709,2.6495,4.5391,0.9714,2.54,2.4,4.33,1.63,4.78
197203,-1.61,1.5779,-0.3992,2.1897,0.9517,2.94,-1.03,1.19,-1.5,2.16
197204,0.12,0.57,0.5068,0.7895,1.0984,2.81,-1.43,2.51,-0.15,1.53
197205,-2.7,-1.7869,-2.6628,2.9429,-1.5729,3.29,-4.06,-1.17,0.17,3.86
197206,-2.48,-3.4413,-3.1362,-1.069,-6.3332,1.9,-4.49,-3.5,-3.82,-1
197207,0.66,-5.0804,-2.0216,0.5997,-1.1332,2.75,-4.38,-3.43,-3.2,1.35
197208,4.54,-0.7688,2.5455,1.4867,7.2568,-5.4,2.8,-0.15,8.59,0.73
197209,0.46,-3.3998,-3.1707,-0.4838,0.2109,1.82,-3.76,-2.69,-2.4,0.17
197210,1.34,-2.5724,-1.0162,0.5178,1.6455,0.71,-2.25,-0.96,0.53,0.66
197211,4.85,3.3834,6.3656,2.9687,9.6877,-5.09,6.86,4.67,9.89,1.9
197212,-2.19,-1.1684,-2.3004,2.6574,-0.5868,4.92,-3.72,0.72,-2.32,3.08
197301,2.68,-7.8787,-3.6856,-2.6064,-1.4416,3.73,-6.35,-5.7,-8.21,-1.4
197302,1.6,-10.9375,-5.8766,-3.0484,-4.9156,2.16,-8.38,-9.69,-9.21,-3.58
197303,2.62,-3.99,-1.2382,-1.2331,1.2628,3.59,-4.62,-0.38,-2.35,0.59
197304,5.41,-11.1364,-4.9955,-6.0701,-1.3817,6.36,-10.62,-4.91,-10.7,-3.69
197305,0.41,-10.6173,-7.3584,-0.8841,-3.3242,7.14,-11.02,-5.35,-9.23,-0.61
197306,1.2,-5.079,-2.6949,-0.8934,-0.8809,4.3,-5.3,-1.86,-4.86,0.28
197307,-5.31,18.2569,9.0944,6.4208,4.9684,-11.57,17.99,7.19,15.01,2.67
197308,1.24,-3.8969,-4.0378,-3.2396,-0.6193,3.46,-7.18,-2.45,-5.02,-2.83
197309,2.01,10.9147,8.5459,2.2473,8.6341,-7,11.67,9.24,14.28,2.72
197310,1.94,-2.3992,0.8485,-0.1351,0.4996,6.87,-3.91,3.16,-5.33,1.35
197311,3.87,-22.6489,-16.228,-12.4865,-11.1645,8.66,-22.34,-16.37,-20.8,-9.46
197312,3.85,-2.3418,-1.4183,-1.1773,5.5955,10.38,-7.46,4.92,-4.54,3.83
197401,6.02,7.5298,13.8461,-1.0406,4.6894,-8.85,16.08,6.97,5.97,-2.62
197402,2.81,0.0167,1.8631,-1.0556,2.7251,0.32,-0.39,0.06,0.59,0.77
197403,-0.32,-0.369,0.4842,-1.7118,-3.2064,-1.05,1,-0.97,-3.51,-3.65
197404,0.85,-6.2809,-3.6342,-3.4024,-4.3396,2.11,-7.47,-4.96,-5.93,-4.23
197405,-2.02,-7.0049,-6.8701,-1.8453,-6.0298,-0.39,-9.33,-7.55,-3.84,-6.41
197406,0.77,-3.2122,-1.1188,-2.0779,-2.6309,2.31,-4.95,-1.7,-3.12,-1.76
197407,5.16,-6.7549,-2.9998,-9.3475,-2.7774,3.11,-6.28,-4.22,-8.91,-4.76
197408,2.64,-9.6682,-7.3539,-10.0804,-7.1175,3,-9.74,-6.29,-10.5,-7.96
197409,5.58,-11.8584,-7.3086,-13.7822,-7.1654,4.24,-10.49,-7.71,-13.46,-7.76
197410,-9.87,14.4237,8.0211,21.2435,7.8997,-0.54,9.13,10.69,20.83,18.2
197411,-0.2,-5.1519,-5.5397,-3.9602,-3.9793,2.13,-6.03,-3.01,-4.14,-2.89
197412,0.11,-7.2362,-7.6673,-3.292,-2.6375,2.92,-7.57,-5.6,-4.7,-0.83
197501,8.28,24.8048,30.6945,10.6122,21.2771,-13.82,35.85,19.93,21.63,9.9
197502,-4.44,6.6106,3.782,8.1765,2.1213,-0.61,4.24,4.67,6.81,5.16
197503,2.38,7.8014,8.3282,2.9335,7.1633,-2.04,9.11,6.58,4.31,2.76
197504,-1.14,6.4775,3.1197,5.765,6.8476,1.38,2.11,6.72,6.12,4.27
197505,-4.1,10.3329,6.8819,5.6927,0.9427,-0.58,7.28,8.08,6.21,4.25
197506,1.38,7.0232,6.415,4.2499,7.6177,0.04,7.17,6.58,5.18,5.84
197507,1.69,-2.9921,-2.5589,-7.4851,-4.5331,0.42,-1.63,-3.21,-7.85,-5.42
197508,-0.95,-4.6391,-6.7043,-2.1928,-2.0229,-0.1,-5.24,-5.37,-2.28,-2.35
197509,0.39,-4.0116,-3.4014,-3.9917,-3.8172,0.41,-3.86,-3.84,-4.72,-3.92
197510,0.28,1.3529,1.943,6.5434,6.522,-0.16,0.93,2.83,7.8,5.58
197511,2.03,1.221,3.8098,2.9993,4.475,-0.45,1.29,2.53,4.36,2.22
197512,1.69,-1.4989,-0.8743,-1.7778,0.9831,-0.11,0.18,-1.43,-2.27,-0.87
197601,8.63,14.9242,24.7673,10.884,18.2942,4.45,16.03,20.8,9.99,14.12
197602,5.87,6.658,12.4205,-1.3254,4.6546,0.38,9.66,8.8,-0.65,0.97
197603,-0.12,1.333,1.8617,2.9741,2.2018,0.15,0.33,2.24,3.06,1.44
197604,-0.16,-1.0072,-1.3187,-1.621,-1.6344,0.59,-0.95,-1.74,-2.49,-0.51
197605,-1.36,-0.8109,-3.6025,-0.6358,-0.5715,-1.12,-0.77,-3.24,-1.52,-1.29
197606,0.71,3.9466,3.8136,4.3724,5.9218,-0.42,3.46,4.27,5.12,3.46
197607,1.73,-1.1302,0.7167,-1.2322,0.3881,-0.13,-0.22,0.16,-1.26,-1.9
197608,0.81,-3.4817,-1.3246,-0.3685,-0.9139,-0.85,-2.2,-2.33,0.52,-1.06
197609,-0.29,3.5291,2.2499,2.206,2.8993,0.22,2.61,2.63,1.85,2.27
197610,-0.18,-2.6845,-2.0667,-2.3694,-3.3552,-0.44,-2.04,-2.22,-2.48,-3.17
197611,1.51,3.6512,3.9432,-0.6832,2.0466,2.91,3,4.5,-1.71,2.62
197612,2.27,9.6061,10.1071,4.7254,8.7706,0.73,10.7,9.54,4.78,7.4
197701,4.27,0.721,3.0991,-6.3823,-0.2155,4,0.34,2.91,-7.36,-1.94
197702,0.47,-1.0278,0.0031,-1.8193,-1.918,0.36,-1.56,0.25,-1.62,-2.7
197703,1.09,0.2648,0.2314,-1.7071,0.4974,0.55,0.65,0.53,-1.88,-0.66
197704,3.38,1.144,2.4533,-1.1247,4.3186,4.21,-0.16,2.64,-2.14,3.49
197705,0.85,-0.7265,0.6382,-1.9168,-1.5795,2.03,-0.92,0.14,-3.02,-0.02
197706,-0.74,7.4918,6.8343,5.6656,4.8443,1.66,5.23,7.32,4.87,6.1
197707,-0.56,0.0847,0.5665,-1.5588,-3.155,0.32,-0.09,0.58,-1.41,-1.43
197708,-2.7,0.691,-1.5152,0.2495,-2.9398,-1.7,-0.5,-0.13,0.84,-2.92
197709,-0.52,1.6105,0.5531,-0.7059,-0.6902,2,-0.01,1.58,-1.31,1.1
197710,1.75,-3.8335,-1.5761,-4.4278,-3.1847,-0.08,-2.52,-3.01,-4.32,-3.99
197711,0.26,8.3539,8.115,4.0768,4.8404,2.01,7.31,8.67,3.64,6.3
197712,-0.29,3.1208,1.5802,0.1735,1.1438,1.58,0.47,2.39,0.04,1.29
197801,3.36,-4.6778,-1.1427,-6.4466,-3.2682,-0.66,-1.83,-3.23,-6.4,-6.33
197802,0.83,1.6302,2.4814,-2.6288,-1.8122,1.97,1.47,2.94,-2.64,-0.18
197803,1.18,6.4492,7.1277,2.2355,3.9137,1.37,5.97,7.05,3.66,5.31
197804,-3.54,9.9575,7.2061,11.0834,6.7563,0.86,7.17,8.83,9.79,9.86
197805,-0.52,7.0761,5.8959,1.9154,2.0615,2.83,5.57,7.4,1.45,5.28
197806,0.57,-0.9738,0.3601,-1.3715,-1.5694,2.74,-0.92,1.08,-2.58,0.9
197807,-1.15,7.0202,5.7853,6.9962,5.9214,4.17,3.84,7.1,4.9,9.97
197808,-0.51,8.2359,8.7076,3.5456,2.0514,2.83,6.53,9.53,3.76,6.41
197809,1.89,-1.8909,-0.6268,-2.5719,-0.0583,-3.14,0.14,-1.8,0.62,-3.72
197810,1.38,-23.1152,-18.6611,-9.8736,-11.5666,-8.46,-15.05,-23.26,-8.25,-16.96
197811,-2.15,8.8022,4.3691,2.8781,3.0173,5.45,3.02,8.59,2.26,7.59
197812,-2.13,3.0807,1.9966,2.7949,-0.3788,3.03,0.74,3.08,-0.85,2.87
197901,2.19,8.5569,9.6098,3.4154,6.7362,-1.36,9.69,9.04,6.2,4.13
197902,1.17,-3.4551,-1.9317,-3.6978,-2.8845,-1.06,-2.06,-2.69,-2.54,-4.03
197903,-0.71,11.709,8.5269,5.7619,7.5245,2.93,8.26,10.68,5.18,8.63
197904,1.12,1.6374,3.3396,0.1217,0.6573,0.81,2.12,2.98,0.31,1.06
197905,1.31,-2.6133,-0.4841,-1.814,-1.3239,-0.54,-1.53,-1.59,-0.87,-1.89
197906,1.44,5.7373,6.0916,3.1127,5.6467,0.84,5.27,6.07,3.98,4.86
197907,1.86,1.9209,3.238,0.5951,2.9998,-1.07,3.39,1.97,1.87,1.14
197908,-1.58,9.0414,7.3498,6.8305,5.3664,-0.2,8.83,8.27,7.11,7.27
197909,-0.9,0.8031,-1.0925,-0.8271,-0.7272,5.28,-2.28,1.61,-3.06,3.6
197910,-1.84,-9.2505,-11.4064,-6.7367,-8.2708,2.01,-11.73,-9.83,-7.36,-5.26
197911,-3.29,10.9906,6.8114,6.463,4.0643,8.14,3.54,12.37,3.49,10.93
197912,-2.1,8.2142,5.1402,3.0248,1.8921,4.78,4.54,9.23,0.03,4.89
198001,1.75,7.9452,8.5051,4.9399,7.8701,7.55,5.51,10.73,2.05,11.94
198002,0.61,-0.3848,-2.6726,-3.063,0.445,7.88,-4.54,0.75,-4.32,6.15
198003,-1.01,-19.3301,-17.3817,-9.0773,-13.036,-9.55,-13.72,-20.49,-4.78,-17.11
198004,1.06,6.233,5.9533,3.7499,6.1397,-0.43,6.63,7.14,6.51,5.14
198005,0.38,8.0731,8.0871,5.7433,6.4795,-1.12,9.31,7.56,5.53,5.03
198006,-0.76,5.2048,4.3282,3.0507,2.4152,1.62,4.01,5.67,3.35,4.93
198007,-6.41,13.2854,7.0754,9.3746,2.77,0.39,8.98,12.36,9.21,6.61
198008,-2.6,8.4868,3.6359,2.1162,1.7611,3.21,4.68,8.98,0.68,2.81
198009,-4.59,5.2475,1.0864,4.0427,-0.9699,5.39,1.84,5.56,-0.75,6.32
198010,-2.76,5.8507,3.0667,1.8142,-0.9246,7.3,0.22,7.1,-2.45,5.27
198011,-8.33,12.6739,2.6728,11.5462,4.8858,15.22,1.06,12.28,0.81,20.02
198012,2.79,-5.3599,-1.2148,-2.1695,-0.7354,-6.68,-1.73,-4.43,2.89,-7.77
198101,6.72,-3.769,2.114,-5.906,1.6425,-7.95,1.54,-3.39,1.76,-9.21
198102,1.02,-0.7145,2.7761,2.7916,1.3483,-1.35,1.49,0.39,2.46,0.85
198103,0.64,7.6888,7.6879,3.9242,5.2103,0.74,7.48,8.08,4.68,5.57
198104,2.28,2.5198,3.8073,-2.2007,1.0691,-0.91,2.26,3.15,-0.58,-3.29
198105,-0.42,4.9505,1.6988,0.8188,3.2259,3.7,0.56,5.26,0.37,3.07
198106,5.13,-5.7292,1.423,-3.164,-0.055,-5.81,0.23,-2.6,2.42,-6.38
198107,-0.5,-2.9082,-1.5787,1.2905,-1.037,-2.45,-1.65,-2.56,2.58,-1.42
198108,4.76,-9.8846,-4.7176,-6.8246,-2.4762,-1.15,-6.96,-7.83,-4.76,-6.2
198109,5.17,-10.2062,-4.9371,-6.43,-1.3539,1.95,-9.65,-6.56,-6.51,-5.7
198110,-4.21,10.6086,5.8372,8.0684,4.4261,4.01,6.16,9.66,3.31,7.83
198111,1.83,0.8531,4.563,4.2079,4.1649,-0.27,1.74,3.53,5.36,3.02
198112,0.81,-2.4036,-1.4615,-3.1337,-2.4558,1.3,-3.2,-1.28,-3.51,-2.83
198201,3.19,-4.8632,-0.8535,-1.9213,0.4466,1.72,-3.78,-3.24,-3.64,-0.75
198202,6.05,-7.4167,-0.7327,-7.3158,-1.896,4.88,-7.42,-2.45,-7.56,-2.78
198203,3.81,-2.2742,1.5073,-1.9474,1.8964,2.96,-2.5,-0.35,-2.4,1.38
198204,-2.7,6.3584,4.1462,5.7382,2.5601,-0.4,5.55,5.23,4.82,4.34
198205,1.75,-3.4446,-0.9464,-3.4853,-2.4807,2.5,-5.02,-1.65,-4.52,-2.88
198206,1.53,-3.5859,-1.3412,-2.5237,-1.7167,4.96,-6.19,-0.75,-4.5,-0.02
198207,0.09,-2.2867,-1.0541,-0.6341,-1.6917,4.45,-3.35,-0.16,-5.23,0.48
198208,0.95,8.186,8.0868,11.3557,13.3486,-3.52,10.01,7.61,15.64,11.01
198209,0.28,2.7648,5.2828,1.9731,0.0139,4.19,-0.02,6.12,0.16,2.4
198210,-3.66,15.8771,11.6901,12.8302,9.6909,0.18,13.58,16.01,12.64,10.59
198211,-1.87,9.8053,9.209,7.1064,3.9592,5.95,4.91,10.89,1.02,6.93
198212,-0.02,1.281,0.7614,1.1325,1.607,0.04,0.38,1.71,2.68,1.43
198301,-0.75,9.5976,4.9439,2.7343,5.8897,-1.73,9.12,7.59,4.48,2.55
198302,0.7,4.3293,7.1598,3.6533,2.2234,3.77,2.64,6.53,1.27,4.93
198303,2.02,2.5762,6.1273,2.5155,3.0031,0.92,3.52,5.57,3.69,3.49
198304,0.49,7.9818,7.5278,5.697,7.1267,1.72,6.05,8.56,8.17,9.11
198305,-1.4,7.9931,5.1013,-0.16,-0.0677,-1.56,9.58,7.29,1.05,0.22
198306,-3.9,5.7463,2.4488,5.2835,0.7795,1.8,3.52,5.16,3.96,5.91
198307,5.62,-5.8404,1.3222,-5.2005,-1.1218,-3.13,-0.12,-3.81,-2.82,-5.39
198308,5.54,-4.7929,-0.3019,-1.314,5.2747,-5.65,-0.74,-5.42,3.25,-3.36
198309,1.01,0.2023,3.9526,2.523,0.7975,-0.03,0.56,1.86,1.95,0.6
198310,4.97,-8.9359,-2.2239,-3.5906,-0.3673,-4.52,-4.15,-7.96,-0.52,-5.75
198311,-0.72,4.7353,4.3171,2.9241,1.9075,-0.13,3.41,4.63,2.71,1.23
198312,1.73,-3.1882,0.2055,-0.7589,-0.6913,0.84,-2.55,-1.35,-0.64,-0.17
198401,7.58,-4.1567,2.0888,-5.3302,3.5896,-2.56,-0.47,-2.4,-0.19,-3.38
198402,3.33,-6.965,-3.5449,-4.777,-1.5333,0.22,-5.8,-5.51,-4.41,-4.27
198403,0.46,0.1461,2.2646,1.6286,0.4238,1.07,-0.53,1.23,1.32,1.7
198404,1.2,-1.1081,-0.0244,0.3973,1.7183,2.07,-2.2,0.43,-0.29,1.21
198405,0.31,-5.9648,-4.285,-4.8224,-5.8762,1.51,-6.17,-4.18,-5.99,-4.96
198406,-2.66,4.5857,1.0123,4.4134,2.6706,-0.7,2.19,2.76,3.27,1.31
198407,0.36,-5.4642,-3.3285,-0.9786,-2.3933,2.85,-7.02,-1.38,-2.46,-2.39
198408,-1.82,13.4864,9.4739,11.1317,11.5043,-5.59,13.78,8.38,14.77,8.99
198409,5.28,-2.7498,2.2213,-2.3711,3.2127,3.62,-1.96,2.27,-1.54,1.48
198410,0.45,-2.2199,-0.0773,0.7342,-0.5118,3.16,-3.63,0.76,-1.01,0.92
198411,4.06,-4.4941,0.3942,-2.238,1.0015,1.64,-4.47,-0.99,-0.77,-0.98
198412,-0.26,2.1513,2.095,2.683,2.2125,1.49,0.56,2.28,1.51,2.78
198501,-5.35,15.0004,8.8293,10.143,5.6178,-6.82,16.12,8.9,11.87,5.45
198502,-0.1,2.9567,1.7902,1.2977,2.2635,1.88,1.71,3.28,0.01,2.19
198503,4.07,-3.2404,1.3822,-1.3177,2.2078,1.58,-3.4,-0.17,0.44,0.37
198504,3.72,-2.0441,1.6812,-1.7834,1.936,3.04,-2.84,0.95,-1.89,0.39
198505,-0.96,4.2871,3.3406,6.1397,5.1677,3.99,1.52,4.85,2.36,7.01
198506,0.38,1.5306,2.2948,1.4638,1.4631,3.57,-1.46,3.85,1.39,3.21
198507,-1.62,2.713,1.1537,0.2217,-1.462,-3.91,3.3,1.58,3.39,-2.71
198508,2.32,-2.0215,0.2922,-1.4907,0.8297,1.85,-1.33,0.2,-1.87,0.3
198509,1.29,-7.2192,-4.142,-3.8632,-4.3669,1.51,-7.17,-4.69,-4.35,-3.82
198510,0.75,3.2872,3.3782,4.0949,5.5001,4.88,0.76,5.97,1.6,6.16
198511,-2.85,7.7856,6.3634,9.0429,4.7599,-0.47,6.63,7.62,8.48,6.54
198512,-1.54,4.8833,3.1658,5.7737,4.4138,-0.23,3.91,4.18,4.79,4.07
198601,0.44,2.3768,2.5401,0.8049,1.5308,3,-0.22,4.1,1.16,2.84
198602,-0.72,7.2854,6.9587,8.0072,6.8955,2.76,5.17,9.11,6.74,8.32
198603,-0.39,4.1459,5.2443,6.255,4.3668,2.41,4.31,4.86,3.02,7.29
198604,-2.87,2.2826,0.4498,0.5808,-3.3166,-0.37,1.06,2.18,0.08,-1.76
198605,-0.21,3.3482,3.2911,5.4491,5.0823,2.05,2.94,5.34,5.19,6.9
198606,1.28,-0.0369,1.8141,1.8578,2.5744,5.07,-2.35,2.61,-1.19,3.99
198607,4.7,-10.5776,-5.7929,-7.2455,-2.632,1.83,-10.46,-8.17,-6.97,-5.61
198608,3.51,2.243,4.4262,4.6183,9.4572,-5.28,4.38,2.36,13.33,4.78
198609,3.22,-8.1714,-4.6913,-10.181,-7.2174,-5.79,-5.01,-7.69,-2.46,-11.35
198610,-1.42,4.3978,1.7426,5.686,5.5064,4.46,1.9,4.39,0.34,6.77
198611,-0.07,0.0342,0.5165,2.1265,1.501,-0.26,-0.83,-1.15,1.79,1.6
198612,0.36,-3.0719,-1.8485,-2.381,-2.8754,0.35,-3.2,-3.24,-3.57,-2.83
198701,-3.16,12.6452,9.2413,13.9515,11.0334,2.2,11.76,12.38,10.69,14.47
198702,-5.91,9.5106,5.094,7.4353,0.0263,-2.07,7.96,7.75,7.16,3.23
198703,1.61,1.3769,3.663,1.6836,2.6132,1.68,1.39,3.44,1.48,2.78
198704,-0.39,-2.6291,-3.6852,-1.7917,-1.5187,0.22,-3.86,-2.13,0.72,-0.57
198705,0.23,-0.3112,0.8036,1.3297,0.6845,-0.74,-0.38,-0.83,1.71,0.68
198706,1.04,1.5427,3.608,4.6957,4.7076,-0.25,2.35,2.5,5.12,4.47
198707,0.68,2.1631,5.2885,5.5219,3.7601,2.72,2.13,4.82,2.76,5.51
198708,-0.93,2.8527,3.0306,4.7692,2.7356,-0.86,3.04,3.16,5.72,3.88
198709,0.27,-2.5508,-1.3923,-1.9644,-2.5734,0.77,-2.73,-1.41,-1.57,-1.37
198710,4.24,-32.4829,-27.8467,-23.2158,-19.38,-7.86,-26.31,-32.5,-13.8,-23.33
198711,2.95,-6.6107,-3.6438,-8.7104,-5.7749,-1.17,-5.93,-5.27,-4.98,-7.97
198712,-4.43,9.2665,4.6334,9.1347,4.915,5.87,3.96,11.5,3.75,7.95
198801,5.01,2.2141,6.3098,2.0283,7.9624,-7.24,7.87,2.05,10.35,1.68
198802,-1.71,8.5114,7.0921,5.4343,3.4372,-1.47,8.56,7.69,7.28,5.22
198803,0.73,3.6385,3.2186,-3.128,-1.2442,0.58,2.99,4.51,-1.86,-2.21
198804,1.67,1.4367,2.5857,-0.6415,1.5495,2.24,0.63,2.93,-0.56,1.62
198805,2.42,-3.0097,-0.2763,0.0176,2.1245,0.63,-2.93,-1.46,0.8,0.58
198806,-1.24,7.8072,6.2787,4.9039,3.9622,-2.93,7.13,6.79,8.96,3.44
198807,2.22,-2.3125,0.2536,-1.6413,0.2409,0.66,-0.49,-0.51,-1.86,-0.53
198808,2.15,-4.1306,-1.4085,-2.9658,-1.3904,0.35,-3.07,-2.54,-2.77,-2.6
198809,-0.75,2.6306,2.5837,5.103,3.6418,0.27,1.25,3.06,4.76,3.49
198810,2.05,-2.0141,0.6314,1.5735,3.0263,1.33,-2.07,-0.2,1.53,2.33
198811,1.41,-3.8315,-2.5909,-1.952,-0.37,0.33,-3.91,-3.2,-1.52,-1.56
198812,-1.69,4.1019,2.8736,2.9015,0.7467,0.49,2.62,4.32,2.34,1.62
198901,0.6,4.2075,5.371,7.0241,7.0682,-0.16,4.62,5.18,7.95,7.06
198902,1.01,0.4871,1.3553,-2.4817,-1.3377,0.99,0.71,1.22,-2.07,-0.6
198903,0.58,2.4678,3.4757,2.4731,2.621,3.51,1.12,3.42,-0.41,4.31
198904,-1.42,4.6182,3.8119,6.1177,4.084,1.77,3.07,5.26,4.44,5.8
198905,-0.88,4.7052,3.7753,4.8216,3.9835,1.52,3.17,4.31,2.94,4.83
198906,2.25,-3.1788,-0.068,-0.9504,0.4305,0.43,-2.41,-2.05,-0.57,-0.07
198907,-2.79,4.2672,3.3676,10.8754,6.2049,5.41,1.55,5.99,4.48,10.86
198908,0.6,2.7883,2.6094,1.0698,2.4445,-0.12,1.66,3.45,3.45,1.43
198909,-1.27,1.431,-0.7574,0.4919,0.1494,3.4,-1.24,1.82,-2.46,1.29
198910,-1.11,-5.0461,-6.3635,-1.3426,-2.2476,1.32,-7.23,-5.55,-3.56,-2.61
198911,-1.09,0.7437,-0.1227,2.3285,1.0186,2.6,-1.38,1.22,-0.67,1.93
198912,0.16,0.215,-0.2315,1.6916,2.4613,2.8,-1.52,0.87,-1.22,1.99
199001,0.85,-9.2469,-7.8832,-7.6131,-7.2709,-3.27,-8.37,-10.22,-3.61,-8.31
199002,0.64,3.1973,2.2005,0.3535,2.6296,-0.55,2.92,3.8,3.27,1.3
199003,-2.92,4.297,2.2333,4.1381,0.3616,1.8,1.94,4.77,2.26,3.02
199004,-2.59,-2.7212,-4.3624,-0.9445,-4.4877,2.39,-5.06,-2.63,-4.46,-2.12
199005,-3.83,8.4807,4.2531,10.835,7.3981,3.03,5.01,10.02,8.77,9.83
199006,-1.93,1.0426,0,1.2711,-1.5455,2.4,-0.39,0.16,-3.88,0.37
199007,-0.03,-4.5341,-4.3317,-1.3989,-1.6679,6.1,-6.55,-2.73,-8.01,0.37
199008,1.64,-14.7389,-11.2747,-9.7878,-9.9623,1.88,-14.67,-13.18,-10.59,-8.32
199009,0.64,-10.1778,-8.3197,-5.7974,-6.367,5.78,-12.91,-8.48,-11.83,-4.71
199010,0.1,-5.963,-6.0758,0.4607,0.7665,6.71,-10.33,-3.92,-6.78,0.24
199011,-3.1,8.9656,5.0044,7.386,5.1477,-5.48,8.6,7.12,14.89,5.41
199012,-1.7,4.2266,2.6959,3.7847,1.9115,0.29,1.07,4.98,5.28,1.94
199101,-1.6,9.3095,7.9073,6.3134,4.5144,-6.45,10.45,8.09,13.86,3.31
199102,-0.58,11.6821,11.3068,7.8957,7.1044,-4.61,15.47,10.9,11.69,7.04
199103,-1.39,7.8039,6.535,4.1447,2.6313,2.87,5.93,8.98,0.93,3.62
199104,1.5,-0.7145,1.6752,-0.2734,0.3398,-2.36,0.51,0.58,4.09,-0.7
199105,-0.52,4.3206,2.6841,4.7155,5.3121,-0.11,2.08,5.45,7.54,3.95
199106,1.15,-5.2543,-4.1184,-4.8868,-3.7232,0.47,-4.23,-5.42,-5.89,-3.76
199107,-1.32,4.3325,3.0346,5.411,4.0615,4.32,1.76,6.49,3.21,7.11
199108,-0.78,4.4509,4.347,3.3482,1.901,1.57,1.74,5.38,4.37,3.88
199109,-1.08,1.3208,-1.0642,-2.2033,-1.9731,1.79,-1.57,1.96,-1.5,-1.44
199110,-0.47,3.0458,1.7781,1.5117,1.8307,3.06,0.76,4.13,-0.19,2.55
199111,-1.89,-4.8677,-5.5897,-2.4929,-5.5511,1.14,-5.05,-4.75,-5.35,-3.37
199112,-4.17,10.3864,7.4219,14.4732,9.0896,8.19,3.49,10.72,6.9,16.04
199201,4.71,7.4406,10.6783,-2.2734,3.9161,-2.49,11.01,9.48,1.41,-2.04
199202,6.47,0.7335,7.1315,0.3247,6.8765,-0.53,3.18,3.01,2.23,1.34
199203,3.56,-6.228,-0.7799,-2.7662,-1.1011,-0.29,-3.53,-3.89,-2.71,-2.93
199204,4.34,-5.4951,-0.9198,0.1232,4.2205,-2.58,-3.63,-4.31,4.3,-0.19
199205,1.19,-0.7331,2.3897,0.8799,0.1317,0.21,1.63,0.64,0.47,1.88
199206,3.24,-6.1368,-2.781,-2.4792,0.6397,-0.58,-5.1,-4.23,-1.62,-3.64
199207,-0.56,2.7042,3.7109,4.3501,2.2174,1.56,1.81,4.29,3.45,4.07
199208,-1.1,-4.2863,-2.7548,-1.1177,-4.858,-0.51,-3.04,-3.13,-2.07,-3.01
199209,-0.26,1.426,1.3745,1.617,1.1576,1.49,-0.18,2.62,1.36,1.54
199210,-1.98,4.4956,1.9164,2.3858,1.0083,2.48,2.2,3.71,-0.46,2.98
199211,-1.35,9.573,6.8812,4.5935,4.5942,-0.15,9.35,7.77,3.54,4.81
199212,2.62,2.606,5.0863,0.7039,3.4616,4.31,0.96,5.55,-1.82,2.22
199301,5.94,1.1246,6.3608,-1.1051,5.531,4.83,2.26,5.11,-2.96,3.86
199302,6.42,-6.4782,0.9461,-2.3187,3.0909,3.14,-4.67,-1.39,-1.54,1.48
199303,1.18,2.0745,3.4111,1.754,2.7855,3.73,1.05,4.75,0.64,4.39
199304,2.49,-3.7479,-2.7049,-5.0586,-1.1277,0.38,-4.14,-2.92,-2.83,-3.3
199305,-3.42,6.6181,3.1393,4.0372,0.6694,0.22,5.99,4.44,3.31,5.3
199306,2.75,0.5431,1.4876,-1.0757,3.4698,4.55,-1.54,2.04,-2.39,3.13
199307,2.85,-0.4052,2.1185,-1.9939,1.174,3.16,0,1.91,-2.75,1.65
199308,0.13,3.7756,3.4149,3.4854,4.1084,2.65,2.58,5.76,3.8,5.91
199309,-0.31,3.315,2.4602,-0.9259,-0.688,3.37,0.96,4.44,-2.02,1.24
199310,-2.76,3.9698,2.7022,3.2825,-0.9683,-2.72,4.23,2.82,4.64,0.59
199311,-0.74,-3.1616,-2.4434,0.062,-2.1447,-4.74,-0.95,-4.22,2.61,-3.6
199312,0.32,2.7277,2.5671,1.4219,2.2282,2.36,1.41,3.8,0.05,2.39
199401,1.15,1.8803,4.8889,2.4154,1.6973,0,3.26,3.07,3.79,3.99
199402,-1.54,-0.9196,-1.0985,-1.7641,-4.672,-0.3,-0.41,-0.97,-2.41,-2.45
199403,1.6,-6.2311,-4.3361,-4.6933,-3.3803,-1.27,-4.39,-6.33,-4.29,-4.9
199404,1.66,-0.8882,1.4197,0.6158,1.6366,0.39,-1.71,0.24,1.27,0.1
199405,0.67,-2.7048,0.1619,1.4041,-0.1128,-2.19,0.29,-2.49,1.73,0.12
199406,1.67,-4.7152,-1.8241,-3.1128,-2.6651,-0.87,-3.25,-3.22,-1.99,-3.77
199407,0.58,1.6163,2.1612,2.8841,3.5012,0.18,0.84,2.54,3.31,1.98
199408,-2.51,7.3985,3.9547,5.2259,3.6475,1.55,5.6,6.15,3.8,6.36
199409,-1.89,0.6014,-0.0209,-1.4291,-4.5775,1.31,-0.62,1.29,-2.57,-1.86
199410,-1.62,0.4398,-1.5464,2.0112,0.7504,1.49,-1.32,1.17,1.6,2.09
199411,-0.7,-3.9575,-3.6845,-3.2106,-4.8823,-0.18,-4.62,-3.26,-2.14,-3.86
199412,-0.13,0.8135,1.5471,1.5264,0.5245,3.48,-2.29,3.41,0.04,1.29
199501,2.57,-1.0872,0.8998,2.194,5.3437,-1.81,0.9,-0.6,3.46,1.32
199502,1.08,3.5045,4.2537,3.8868,5.2961,-0.39,3.23,4,5.02,3.48
199503,-2.15,2.9035,1.2955,2.9623,0.2608,0.43,1.44,2.64,3.25,2.91
199504,1.71,1.0824,3.3218,2.3436,3.5196,1.79,2.14,2.43,0.23,3.52
199505,2.29,0.8409,2.955,3.2689,5.7376,-0.42,1.6,1.97,4.6,3.38
199506,-2.54,7.7813,4.3521,3.4656,1.8233,2.93,4.36,8.69,2.85,4.37
199507,-1.62,8.0404,4.8239,3.7632,3.7455,2.56,4.35,8.83,3.5,4.14
199508,2.79,2.0488,3.9387,0.0326,3.7307,0.16,1.78,3.22,1.34,0.22
199509,-0.04,2.4192,1.6687,4.506,5.1737,2.9,0.1,3.03,1.81,4.68
199510,-0.5,-5.5169,-3.8152,0.331,-2.373,4.16,-8.33,-4.7,-4.07,0.62
199511,0.51,3.7295,3.7025,4.2415,5.2829,-0.68,1.97,4.19,7.19,3.63
199512,0.22,2.2051,2.2547,0.8634,1.2528,2.52,-0.12,3.37,-0.32,1.23
199601,0.38,0.0325,0.6887,3.1042,3.212,0.54,1.35,0.22,1.39,3.61
199602,-1.08,4.8418,2.7796,1.6586,1.5535,0.59,3.78,4.05,1.4,2.31
199603,0.35,2.4736,2.6298,0.3329,0.8853,-1.84,2.92,2.49,3.59,0.34
199604,-4.02,8.5392,4.6315,2.5169,-1.6187,-0.88,6.8,8.63,5.37,1.77
199605,-0.83,6.0161,5.3554,3.3798,2.376,1.54,4.56,6.11,1.85,3.38
199606,2.35,-6.3904,-2.3838,0.141,0.8304,0.98,-5.03,-4.65,-2.03,-0.45
199607,5.14,-13.7771,-5.4644,-5.6703,-3.6952,-0.16,-8.37,-10.93,-7.46,-5.23
199608,-0.74,7.0424,4.4876,2.1368,3.2033,0.01,4.8,7.05,4.67,2.44
199609,-2.72,5.3067,3.2759,6.6623,3.2607,2.7,2.32,5.18,4.11,6.64
199610,4.94,-5.2621,0.9932,0.6781,4.3024,3.79,-3.37,-2.4,-3.76,2.84
199611,1.39,1.7531,3.9288,7.1535,7.7482,-2.37,4.39,1.91,8.42,6.16
199612,1.31,0.5392,2.2704,-1.7155,-0.8256,0.63,-0.15,3.16,-0.18,-2.23
199701,-1.42,4.1649,2.9067,6.5068,4.9195,1.96,4.65,3.38,2.91,8.09
199702,5.67,-6.4196,1.2125,0.0212,3.738,-2.13,-2.47,-4.33,0.33,-2.07
199703,3.39,-8.4408,-1.806,-5.3569,-5.2102,0.9,-6.56,-4.18,-4.28,-4.86
199704,0.07,-3.2057,-0.4489,6.4759,3.855,4.84,-3.39,-1.03,0.84,8.17
199705,-4.13,15.557,8.4213,6.9398,5.8204,-5.17,15.72,11.51,11.88,5.75
199706,1.58,3.2911,6.9037,4.3459,3.8965,2.6,4.11,7.5,3.22,5.02
199707,0.26,5.0479,5.5703,7.7392,7.7277,3.77,3.89,6.89,5.02,9.56
199708,1.18,3.9081,3.0223,-5.5037,-2.2565,-2.56,4.15,3.83,-1.33,-6.11
199709,0.37,8.7194,8.2867,5.0326,6.2052,1.47,7.83,9.73,4.76,5.79
199710,2.27,-6.461,-2.0165,-3.2725,-3.1766,-0.57,-4.47,-4.17,-2.78,-4.22
199711,1.2,-3.445,0.5167,5.1146,3.5621,0.33,-3.28,-1.14,4.03,2.56
199712,3.84,-2.2526,2.3342,1.2184,4.3036,3.98,-4.44,1.88,0.9,2.53
199801,-1.63,-0.6783,-1.0299,2.5491,-0.3543,0.14,0.51,-1.15,-0.65,1.29
199802,-0.85,8.559,7.0923,7.0242,6.7943,-1.12,8.31,7.24,8.33,7.16
199803,1.39,4.1742,4.6827,4.9016,7.1641,2.15,3.42,5.61,3.91,6.03
199804,0.94,0.6953,2.1415,0.8618,1.2991,0.74,1.92,1.64,0.62,2.39
199805,3.44,-7.4586,-2.4278,-2.1842,-0.3432,1.82,-6.63,-5.46,-4.17,-1.7
199806,-1.96,0.599,-0.1616,5.5655,2.4064,7.28,-5.73,2.31,-0.11,6.41
199807,-1.78,-7.7919,-7.4253,-0.84,-4.7627,3.69,-10.06,-5.65,-2.95,0.01
199808,3.53,-24.3741,-18.8106,-13.6291,-12.1245,1.84,-23.7,-20.62,-15.27,-14.67
199809,-3.42,9.1005,3.6424,7.8651,6.4886,-0.81,6.17,9,10.72,6.27
199810,-2.23,4.4161,3.3328,7.9721,4.5867,-5.37,7.13,2.41,12.77,6.76
199811,-3.25,9.0066,5.4904,7.0561,4.0667,1.2,5.24,7.24,6.24,6.63
199812,-4.19,6.7069,2.802,8.2786,3.812,8.92,0.76,7.37,-2.11,9.1
199901,-4.6,3.7326,1.0679,4.9923,-1.551,3.03,4.17,2.97,-1.97,5.28
199902,1.92,-8.8767,-8.4237,-4.4395,-1.0443,-0.1,-8.27,-7.53,-3.15,-4.1
199903,-2.74,-0.1892,-2.7853,3.9834,1.1068,-1.27,0.21,-0.64,6.11,4.42
199904,2.46,9.0446,9.1712,2.2638,7.0474,-9.04,13.28,8.31,15.33,2.22
199905,2.35,1.8174,3.7551,-2.4989,0.2561,-5.19,5.75,2.42,4.17,-2.87
199906,-3.19,6.642,6.4515,6.5464,0.3594,5.06,3.7,9.44,1.9,6.29
199907,-0.44,-1.1252,-1.17,-2.9887,-3.8208,1.66,-1.55,-0.29,-4.65,-2.59
199908,-1.87,-2.7649,-3.4268,0.0456,-3.0357,3.12,-4.99,-1.54,-2.8,-0.02
199909,-3.49,0.6314,-2.8843,-1.7866,-5.2602,6.47,-2.67,1.56,-9.28,-0.56
199910,-3.37,0.9525,-2.7004,6.647,3.5624,5.5,-3.62,1.42,1.46,7.42
199911,-6.12,13.3583,4.3349,4.1944,0.9766,5.64,5.81,13.16,1.37,5.29
199912,-8.33,18.3003,6.6659,8.3424,3.3242,13.22,5.36,17.21,-1.96,12.62
200001,-1.88,1.1975,0.3625,-4.8391,-7.7629,1.92,-0.48,3.27,-5.45,-5.37
200002,-9.59,28.0883,13.1301,1.2418,-2.9891,18.2,5.98,26.59,-9.09,6.7
200003,8.13,-13.484,-1.2043,8.6671,12.6437,-6.83,2.2,-2.01,14.73,5.28
200004,7.26,-14.6459,-4.3476,-4.2256,-0.0027,-8.39,-4.53,-13.51,2.4,-5.38
200005,4.75,-7.4689,-4.9489,-3.4721,3.4989,-8.98,-3.3,-8.07,5.95,-7.25
200006,-8.42,17.7779,8.5776,4.7732,-2.8696,16.6,2.21,21.01,-6.58,7.81
200007,8.31,-7.1352,1.8849,-3.0452,4.5455,-0.05,-0.82,-4.9,-5.32,-1.34
200008,-1.39,8.796,6.671,7.5806,6.93,5.73,4.93,11.91,5.25,9.74
200009,7.17,-7.2712,-0.4569,-5.9659,1.5671,1.97,-8.59,-4.06,-6.53,-7.12
200010,5.71,-8.4071,-1.5683,-2.0153,2.5737,-4.48,-7.42,-7.58,3.7,-5.1
200011,12.3,-16.5288,-2.9313,-10.5537,0.4395,-2.32,-14.2,-13.25,-8.88,-14.47
200012,7.61,2.7926,8.6265,-0.1828,9.2058,6.74,-0.17,7.99,-1.56,3.76
200101,-5.07,12.6089,6.863,3.4848,-0.9,-25.3,30.38,4.25,18.64,-5.83
200102,12.47,-12.4032,0.0022,-11.2013,1.3265,12.57,-14.89,-4,-17.3,-3.06
200103,6.42,-7.6214,-1.5864,-8.0352,-1.2367,8.55,-9.81,-1.3,-11.52,-2.94
200104,-4.67,10.1832,5.0816,8.9573,4.7177,-7.9,13.3,7.04,13.63,4.07
200105,3.36,3.8731,6.31,0.4381,4.7252,2.21,5.4,5.77,-1.69,2.35
200106,-1.12,6.3064,3.1503,-2.2317,-1.3252,0.38,4.43,5.37,-1.92,-2.09
200107,5.21,-9.3319,-1.089,-1.7118,0.4601,5.58,-9.19,-1.72,-3.31,0.38
200108,2.31,-7.4609,-1.4791,-6.9023,-8.2732,5.53,-8.05,-3.01,-9.14,-3.12
200109,1.45,-17.0159,-14.1521,-8.1659,-8.1314,11.48,-22.39,-9.87,-15.9,-5.45
200110,-7.65,11.118,4.4857,3.3534,-5.3216,-8.47,17.17,5.51,4.57,-0.71
200111,2.21,9.0378,9.0717,7.8875,12.2742,-8.69,15.5,5.84,12.11,4.4
200112,0.84,6.7106,6.689,0.6646,2.3635,0.07,9.48,6.04,-0.74,2.83
200201,3.44,-5.1916,3.3048,-0.9182,-2.5436,3.75,-5.37,1.43,-2.41,-1.72
200202,2.16,-8.1298,-1.0152,-2.3962,-5.1829,6.82,-9.52,-1.96,-5.84,0.25
200203,1.06,8.8781,9.9117,3.5933,4.684,-1.64,11.15,8.55,4.71,4.04
200204,3.88,-4.0034,4.227,-7.1199,-7.5924,7.63,-5.03,0.67,-9.62,-0.06
200205,1.53,-6.7104,-2.6494,-1.3862,-2.3928,3.16,-8.23,-2.72,-1.75,-0.94
200206,-0.05,-7.0903,-2.4015,-7.4377,-12.2215,6.03,-10.9,-1.46,-8,-5.37
200207,-3.85,-14.9416,-15.3101,-6.4478,-13.7713,3.77,-18.82,-13.01,-8.51,-6.79
200208,3.28,-0.433,-0.4485,-0.1006,6.4683,1.9,-1.67,0.59,-0.31,1.22
200209,1.47,-8.3652,-7.1005,-10.8017,-9.135,9.13,-13.47,-4.58,-15.15,-5.77
200210,-3.95,6.6758,0.54,9.7548,7.9856,-5.58,7.4,4.52,12.69,4.41
200211,-1.23,13.2221,7.6826,5.378,8.4496,-16.33,23.68,3.74,11.03,-1.69
200212,2.14,-8.677,-3.583,-6.1715,-6.9949,9.64,-11.12,-1.46,-10.36,-0.74
200301,-0.83,-2.331,-1.2782,-2.8369,-5.5572,1.55,-2.99,-0.97,-2.72,-1.65
200302,-1.39,-3.9075,-3.7313,-1.4217,-4.3684,1.17,-4.37,-1.94,-1.32,-1.41
200303,-1.93,1.7988,1.0764,1.5895,-1.5555,1.48,1.24,2.45,-0.23,1.53
200304,1.14,11.0914,9.5335,7.7629,11.5916,-9.33,16.37,7.48,14.82,5.04
200305,0.4,13.1865,10.6693,5.0071,8.327,-10.7,19.2,7.91,13.74,3.62
200306,0.11,2.4758,3.5209,1.3366,0.5109,-1,4.51,2.97,2.12,1.66
200307,-1.24,8.2157,6.6437,1.7695,0.8599,-0.24,7.39,7.58,3.37,2.7
200308,1.53,4.9033,6.0561,2.126,4.0295,-0.62,5.69,5.32,2.87,2.01
200309,0.16,-1.6603,0.922,-1.132,-3.3924,-0.19,-0.99,-0.5,-0.82,-1.68
200310,1.97,8.4031,10.7909,5.2059,6.751,3.99,7.1,10.07,4.88,9.9
200311,1.78,2.9769,4.676,0.8079,2.661,1.46,3.06,4.02,0.67,2.62
200312,1.6,1.0682,3.107,4.6141,5.7836,-5.57,5.99,1.03,7.12,0.93
200401,2.49,3.8937,7.2328,1.4411,3.077,2.58,2.89,6.9,1.15,2.31
200402,0.9,0.3743,0.2898,1.0861,2.9757,-1.14,1.36,0.02,1.46,0.5
200403,0.27,1.2919,0.4087,-1.8648,-0.4333,0.17,0.91,-0.21,-2.02,-0.57
200404,-3.1,-3.3071,-6.0914,-0.2311,-3.6398,-5.38,-1.89,-6.37,0.8,-5.48
200405,-0.25,1.0241,0.7002,1.2499,1.0769,1.5,-0.19,1.88,0.7,1.63
200406,1.18,3.1125,4.3401,1.5136,2.6548,2.05,2.65,4.66,1.57,3.66
200407,3.24,-9.4967,-5.2013,-4.3756,-2.1818,-2.29,-7.67,-7.61,-2.46,-7.09
200408,0.97,-2.2001,-0.6391,-0.282,0.1024,-1.59,-0.46,-2.33,0.62,-0.7
200409,0,5.5244,3.6371,0.8519,2.7342,5.49,3.24,7.43,-0.72,6.08
200410,-0.22,2.7869,1.2476,1.5958,2.6893,-1.38,2.77,0.89,2.63,1.76
200411,1.41,8.5101,8.7784,3.7051,6.2587,3.16,8.24,9.97,2.19,6.79
200412,-0.22,4.4048,3.7097,3.5207,3.7746,-2.87,5.7,3.11,4.51,1.36
200501,2.06,-5.3911,-2.663,-3.0957,-1.7037,3.05,-6.84,-2.38,-3.56,-1.92
200502,1.54,0.7712,2.804,2.1229,3.1604,3.37,0.25,3.6,0.87,4.26
200503,2.04,-4.154,-1.4772,-1.2856,0.1157,0.41,-3.31,-3.2,-2.36,-1.66
200504,0.07,-6.3511,-5.7186,-1.7369,-2.2342,-0.69,-7.3,-6.15,-1.33,-3.86
200505,-0.64,7.498,5.7183,3.6683,4.1685,0.45,6.62,7.29,3.87,4.09
200506,2.83,2.7806,4.7555,-0.7926,2.8856,2.05,3.31,4.05,-0.36,3
200507,-0.79,6.9998,5.9866,4.5699,3.9961,0.06,7.24,6.49,3.91,4.79
200508,1.32,-2.2529,-1.2413,-1.2405,0.3806,2.08,-2.07,-0.75,-1.6,1.24
200509,0.71,0.3822,0.2636,0.3871,1.9333,3.43,-1.09,1.73,-0.6,3.45
200510,0.42,-3.9638,-2.2453,-1.2382,-2.1076,-1.39,-3.44,-3.06,0.13,-3.03
200511,-1.16,5.1198,4.0298,4.1346,2.8948,0.35,4.82,5.18,3.51,3.86
200512,0.2,0.0933,-0.323,-0.729,0.0853,0.77,-0.05,0.06,-0.39,1.05
200601,1.08,8.5807,8.1654,1.8137,4.3913,2.53,8.51,10.83,2.83,5.57
200602,-0.34,-0.5483,-0.5208,-0.0917,-0.804,-1.84,-0.43,-1.19,0.93,-2.01
200603,0.6,4.0319,5.3598,1.6908,1.5704,1.26,3.25,5.32,2.23,2.69
200604,2.34,-0.5657,0.8286,0.0059,3.2858,0.64,-0.35,0.79,0.99,1.13
200605,2.41,-7.6554,-4.0432,-2.9029,-1.6874,-3.7,-4.13,-6.95,-1.02,-5.6
200606,0.85,-0.7189,0.0187,-0.1141,0.8541,1.54,-2.29,-0.57,-0.68,0.68
200607,2.6,-5.8879,-2.1527,-0.7869,0.6862,-2.12,-3.69,-5.11,0.32,-2.5
200608,-2.06,3.4981,2.5223,3.3106,0.1641,-3.38,4.55,1.65,4.16,0.3
200609,0.08,0.8236,1.3171,2.5161,2.1895,-0.96,1.62,0.68,3.08,2.1
200610,-0.31,6.1777,4.5665,3.3829,4.3813,-0.2,6.22,5.57,3.98,4.23
200611,0.14,2.5686,2.7404,1.8462,1.9554,-1.03,3.72,2.41,3.06,2.31
200612,2.73,-0.5996,2.0235,0.3481,3.1865,0.79,0.23,0.71,-0.06,1.03
200701,-0.68,2.5527,1.9196,1.9159,1.1933,0.24,2.04,2.1,1.96,2.38
200702,-0.14,-0.1024,-1.0489,-1.9498,-1.2836,-1.35,-0.03,-0.69,-0.57,-2.62
200703,-0.97,1.7726,0.3487,0.8422,0.333,2.56,0.09,1.88,-0.44,2.9
200704,-1.45,2.8135,0.9535,4.8417,3.7988,-0.24,1.96,2.77,5.1,3.81
200705,-0.65,4.5063,3.1037,3.2198,3.3277,-0.34,4.11,2.93,3.54,4.05
200706,-1.05,-0.5887,-1.6191,-1.1139,-2.1834,0.51,-1.83,-0.86,-1.55,-1.5
200707,-3.71,-4.8084,-8.2207,-1.4022,-5.4141,2.94,-7.64,-4.92,-4.73,-1.57
200708,-1.86,1.5001,-0.6619,1.5856,0.0271,0.1,1.28,1.12,1.83,2.2
200709,-2.21,2.5885,0.0934,4.9638,3.0316,4.63,-0.41,4.12,1.54,6.26
200710,-2.98,3.5844,0.1482,3.1527,0.6368,5.02,-0.95,3.89,-1.3,3.9
200711,-0.94,-7.5145,-7.9013,-3.1057,-4.5989,0.99,-8.29,-8,-6.11,-4.43
200712,-0.55,0.1682,-0.9297,-0.4386,-0.4388,6.63,-2.37,1.02,-7.42,2.45
200801,3.97,-8.5654,-3.9366,-7.1977,-3.8873,-7.75,-3.11,-10.69,-1.27,-9.19
200802,-0.84,-4.6707,-3.9608,-2.11,-4.4916,6.1,-6.04,-2.49,-9.45,-0.78
200803,0.3,-2.1235,0.1903,0.6612,-1.0498,4.27,-2.5,-0.91,-6.76,0.18
200804,-0.94,4.7454,1.5267,3.7378,5.0753,-0.31,2.86,4.59,8.75,6.4
200805,-1.43,5.515,3.0015,2.3412,1.9916,3.31,3.95,4.88,-2.8,2.89
200806,-2.71,-7.2838,-8.8965,-7.0126,-10.8237,12.75,-15.67,-5.17,-19.33,-4.34
200807,5.42,2.2876,5.2999,-1.0748,6.751,-5.13,5.06,1.95,3.55,-3.6
200808,1.59,3.1047,7.0479,1.4728,0.7139,-4.02,7.45,0.64,1.21,-0.04
200809,5.91,-11.096,-6.9905,-9.78,-2.057,0.28,-9.83,-9.94,-12.16,-11.49
200810,-2.3,-22.1126,-20.5932,-15.4972,-21.6172,7.85,-25.73,-19.18,-23.81,-14.67
200811,-6.31,-11.7044,-14.3367,-6.2057,-16.1953,7.17,-17.18,-9.75,-14.47,-7.56
200812,0.14,4.9088,5.3899,1.7,1.5085,-5.09,9.69,4.53,4.88,-0.15
200901,-11.29,-7.8913,-16.0718,-5.3342,-19.7425,-2.18,-7.83,-12.2,-7.85,-7.86
200902,-6.95,-9.8277,-15.0774,-7.9555,-16.6032,4.41,-16.03,-12.03,-13.84,-9.04
200903,3.47,9.1856,11.0487,8.3258,13.4126,-11.87,18.58,7.65,18.68,5.88
200904,5.36,16.4844,18.304,7.9415,16.8494,-34.3,46.43,9,33.61,2.44
200905,0.28,3.8848,2.4796,4.5172,6.4772,-12.49,14.92,1.3,14.37,3.02
200906,-2.73,5.4172,0.7106,0.8703,0.114,5.48,-0.56,3.15,-6.01,1.25
200907,4.83,6.9131,13.3715,6.7746,9.9829,-5.55,14.39,8.07,11,6.22
200908,7.63,1.0155,8.1775,1.7045,9.8001,-9.07,11.53,-0.29,8.49,2.18
200909,1.05,6.3176,7.5882,3.4573,4.2793,-4.79,10.82,4.88,6.9,3.26
200910,-4.21,-6.9838,-9.3918,-0.4418,-6.4484,2.61,-7.98,-8.49,-7.07,-1.34
200911,-0.34,2.0214,4.1189,6.6381,3.8618,0.3,2.23,3.26,6.28,5.86
200912,-0.17,8.4759,8.368,1.9456,1.7169,3.01,8.67,9.71,-0.46,4.52
201001,0.43,-3.7834,-2.6952,-4.2125,-4.4504,-5.4,-0.76,-4.59,-0.23,-7.19
201002,3.23,3.3733,7.4667,3.058,5.4191,3.74,2.99,6.59,1.54,5.43
201003,2.21,7.016,8.9514,5.2329,7.7161,3.76,8.24,9.53,4.44,10.66
201004,2.89,3.9334,9.2912,0.852,1.2645,3.16,5.81,8.39,1.04,4.78
201005,-2.44,-5.9602,-10.3776,-7.3779,-7.8501,-0.25,-7.92,-7.97,-7.74,-8.19
201006,-4.7,-5.7705,-10.8899,-4.4235,-8.7076,-2.76,-7.48,-10.42,-4.2,-6.77
201007,-0.31,6.7892,7.2318,6.7418,5.6834,1.88,6.07,9.01,7.29,8.11
201008,-1.9,-7.1839,-8.6118,-4.0632,-6.4365,-0.06,-7.84,-7.21,-4.07,-4.81
201009,-3.16,14.0566,10.9568,10.0755,6.851,1.41,13.31,13.5,8.8,11.44
201010,-2.43,4.4548,3.6404,4.5444,0.5078,1.58,3.44,4.48,2.14,4.26
201011,-0.96,3.7202,3.3312,0.5094,-1.0253,2.66,2.44,4.63,-0.39,2.74
201012,3.7,7.3101,9.4636,4.9391,10.1774,-3.03,10.99,7.31,7.97,5.59
201101,0.83,-0.4753,0.3442,2.0293,2.8643,-0.29,-0.66,0.45,2.72,1.03
201102,1.27,5.1047,5.6043,2.5012,4.5472,1.99,3.68,6.05,1.75,3.37
201103,-1.83,3.3477,1.4611,0.1939,-1.5739,3.4,-0.3,4.32,-0.82,1.35
201104,-2.43,3.2935,1.0561,3.7506,1.1332,0.04,1.61,2.13,2.88,2.45
201105,-2.12,-1.4039,-3.1974,-0.5623,-3,-0.62,-2.13,-2.06,-0.58,-1.89
201106,-0.42,-1.7945,-1.8913,-1.4636,-2.2103,1.78,-3.63,-1.6,-2.58,-1.06
201107,-0.9,-4.5439,-3.0352,-0.7561,-4.059,0.18,-4.34,-3.12,-1.5,-2.35
201108,-2.36,-9.3769,-9.7399,-3.9976,-8.3585,-0.28,-10.04,-9.96,-6.36,-6.99
201109,-1.72,-11.1092,-10.8019,-6.3705,-10.1269,-2.42,-10.87,-13.43,-7.43,-9.72
201110,0.1,15.6782,13.1351,9.8325,12.5813,-1.43,15.7,17.53,14.73,10.04
201111,-0.46,-1.8363,-0.1686,-0.0524,-2.6363,3.84,-2.58,0.28,-4.02,0.79
201112,1.63,-0.5702,1.1746,-0.1342,1.38,1.81,-0.38,0.15,-2.57,0.51
201201,-0.97,8.2691,5.8503,5.4881,5.9724,-7.91,11.93,6.47,12.92,2.55
201202,0.43,3.4368,2.9373,4.63,5.9852,-0.29,3.28,3.81,5.59,4.48
201203,1.14,2.4245,3.0831,3.696,5.3242,1.3,1.82,3.02,2.77,4.17
201204,-0.78,-1.4451,-0.9131,-0.4648,-2.5525,3.75,-3.31,-0.55,-4.45,0.3
201205,-1.07,-6.5422,-6.2397,-5.4838,-7.9175,6.49,-10.17,-5.18,-12.13,-4.13
201206,0.62,5.7104,4.7887,2.9353,5.0942,-1.06,6.05,4.16,3.38,3.15
201207,-0.02,-3.3857,-1.7068,1.2935,-0.4303,3.04,-4.24,-0.34,-0.67,1.51
201208,1.3,3.2884,3.7404,2.3725,4.5117,-2.37,4.89,3.33,4.46,1.28
201209,1.6,3.2688,4.1139,1.9087,4.2734,-1.14,4.14,3.63,4.26,2.49
201210,3.59,-4.043,-0.8733,-2.4805,1.5199,0.14,-3.26,-0.95,-0.37,-2.41
201211,-0.84,1.0919,0.8674,1.1244,-0.3317,0.49,1.08,0.79,-0.21,1.05
201212,3.51,2.6308,4.4199,-0.1907,5.0406,-2.86,4.94,2.65,3.84,0.41
201301,0.96,6.8825,5.8106,4.4787,7.469,-1.79,6.25,6.73,7.57,3.51
201302,0.11,1.0361,1.3242,1.3647,1.3,1.29,0.88,1.48,-0.36,1.63
201303,-0.19,5.1794,4.5439,3.7607,4.0252,1.92,3.98,6.27,3.64,5.21
201304,0.45,-0.7799,-0.1701,1.8584,2.1417,0.22,-0.28,-0.16,1.49,1.8
201305,2.63,5.0181,5.199,1.9508,7.0326,-2.02,7.68,4.8,3.57,2.41
201306,0.03,-0.2285,-0.1188,-1.7702,-1.8251,0.52,-0.24,0.59,-2.65,-2.44
201307,0.57,7.38,7.8817,5.6309,6.2744,1.76,7.22,8.42,4.76,7.08
201308,-2.69,-1.0563,-3.8395,-1.7433,-4.3434,0.02,-3.2,-2.41,-2.25,-3.01
201309,-1.22,6.3876,5.6102,4.0527,2.3976,3.06,5.01,7.53,1.9,5.49
201310,1.25,1.0547,3.946,4.1757,3.7778,0.08,2.16,2.08,3.46,3.7
201311,0.32,5.2474,4.5237,3.2912,4.657,0.44,4.75,4.62,2.45,3.46
201312,-0.02,1.8901,1.8888,2.1376,2.0897,0.02,2.93,2.87,2.87,2.97
201401,-2.07,-0.1005,-3.6886,-3.3492,-3.8951,1.71,-2.76,-2.64,-4.97,-1.67
201402,-0.31,4.0185,5.1966,5.0204,3.2149,2.07,4.05,5.44,3.94,6.69
201403,4.93,-3.4318,1.3785,-0.5888,4.4634,-3.29,0.59,-1.26,2.14,-2.58
201404,1.17,-6.3726,-2.74,0.3706,-0.9228,-3.89,-2.52,-5.35,2.6,-2.34
201405,-0.13,-0.6871,0.0861,2.459,1.4194,0.87,0.55,-0.45,0.7,3.46
201406,-0.7,7.1987,4.4407,1.643,3.0089,0.69,5.24,6.25,2.59,2.95
201407,0.03,-6.3824,-5.4594,-1.4006,-2.2657,-0.12,-6.43,-5.91,-0.61,-1.37
201408,-0.45,5.0712,4.5295,4.7978,4.438,0.82,3.94,5.51,4.24,4.31
201409,-1.34,-4.7302,-6.439,-0.9312,-1.9052,0.5,-6.54,-5.73,-1.87,-1.68
201410,-1.81,7.5086,5.2151,2.8233,1.499,-0.06,5.69,4.77,1.37,2.17
201411,-3.09,1.7865,-1.0665,3.7087,0.3802,0.69,-0.59,0.26,2.84,3.36
201412,2.27,2.0778,3.2662,-1.3474,2.0002,1.12,1.49,2.65,-1.82,-0.74
201501,-3.58,-2.8575,-5.1879,-1.5607,-6.3993,3.84,-7.42,-1.61,-3.3,-1.42
201502,-1.86,7.6759,5.0056,6.4876,5.4379,-2.82,9.28,5.83,7.74,5.56
201503,-0.37,2.0451,1.1345,-1.3767,-1.2115,2.74,-0.61,2.55,-2.95,-0.63
201504,1.82,-3.2024,-0.7281,0.3415,1.5106,-7.27,3.07,-4.27,5.89,-1.31
201505,-1.14,2.8938,0.881,1.2186,0.9607,5.82,-0.95,4.54,-2.95,3.21
201506,-0.79,2.7223,0.6035,-1.8323,-1.2916,3.01,-0.84,2.34,-3.82,-0.98
201507,-4.13,-0.2299,-5.6037,2.9657,0.08,9.98,-8.72,0.34,-7.38,3.51
201508,2.77,-9.3032,-3.3404,-6.1721,-6.588,-2.09,-4.7,-6.74,-4.21,-6.35
201509,0.56,-7.8251,-4.7172,-2.2242,-4.2145,5.22,-11.9,-4.76,-5.79,-2.49
201510,-0.46,5.0061,5.7017,8.0276,6.4103,-3.28,8.8,4.26,8.7,6.68
201511,-0.42,5.6571,3.6571,0.5054,1.6709,2.28,3.01,4.79,-2,0.77
201512,-2.61,-3.8734,-6.8243,-1.306,-3.573,3.36,-6.63,-5.04,-5.69,-0.55
201601,2.09,-14.1147,-6.9269,-5.1637,-8.1763,1.44,-12.29,-10.1,-6.02,-5.32
201602,-0.57,-0.7099,0.378,0.0215,-2.2142,-4.38,3.21,-1.81,1.7,-2.04
201603,1.19,7.7058,8.4662,6.576,8.2047,-5.01,12.88,6.2,9.36,6.01
201604,3.28,2.6434,3.8478,-0.6295,4.7317,-6.02,6.68,1.92,6.73,-0.54
201605,-1.66,2.329,0.5247,2.1877,0.6654,1.42,-0.03,1.69,1.09,2.22
201606,-1.48,0.2961,-0.0412,0.0131,-2.6015,4.13,-1.88,0.71,-3.26,2.43
201607,-1.32,7.0391,5.674,4.951,3.6762,-3.34,7.49,5.05,7.3,3.07
201608,3.18,1.3009,3.2507,-0.5452,3.8652,-3.49,3.61,0.62,2.89,-1.1
201609,-1.24,3.2742,1.6892,0.4472,-0.4406,0.19,2.57,1.79,-0.77,0.39
201610,4.09,-8.1473,-3.0228,-1.9605,1.0938,0.6,-7.36,-4.87,-1.35,-2.65
201611,8.21,9.14,14.9658,1.943,12.5388,-4.62,11.6,10.12,9.53,1.77
201612,3.53,-0.4427,4.4845,1.3517,3.4784,-0.26,1.75,1.2,1.22,1.25
201701,-2.75,1.9775,-0.7168,3.221,0.4064,-0.93,1.91,0.59,2.38,1.83
201702,-1.67,3.3431,0.2891,4.2757,3.9975,-1.65,2.88,0.98,4.2,2.8
201703,-3.35,2.3122,-0.6854,1.1103,-2.5873,-1.02,1.52,-0.29,-0.13,-0.36
201704,-2.13,1.9398,0.6314,2.0535,-0.8974,0.48,0.51,1.07,0.55,0.94
201705,-3.78,-0.8419,-3.8611,2.8958,-1.6445,1.48,-2.78,-2.58,0.05,2.81
201706,1.48,4.8044,3.4308,-0.1294,4.2068,-0.09,3.84,4.51,1.14,0.28
201707,-0.31,0.7577,0.4835,2.4747,2.1367,1.68,-0.12,1.24,1.53,3.53
201708,-2.09,-0.6132,-2.3451,1.2816,-1.1635,3.26,-3.37,-0.44,-2.19,1.41
201709,3.14,5.4339,8.3452,1.3508,4.7097,-1.32,7.52,7.07,3.75,1.56
201710,0.2,0.3608,1.0223,3.1204,2.862,4.27,-2.06,1.39,-0.76,4.34
201711,-0.03,2.7002,2.7467,3.3219,3.2153,-0.87,3.32,2.88,4.6,3.3
201712,0.06,0.8682,0.0149,0.9774,1.9459,-1.54,0.94,0.94,3.36,0.29
201801,-1.29,3.1384,1.8311,6.4964,5.2253,4.05,1.75,3.98,2.64,8.52
201802,-1.04,-3.0809,-3.7185,-2.5676,-4.0181,3.58,-5.3,-3.38,-6.96,-1.72
201803,-0.21,1.3872,1.9283,-2.3567,-3.3156,-1.13,0.37,0.39,-0.66,-2.93
201804,0.54,1.2051,2.3998,0.6215,0.5007,0.36,2.14,1.12,-1.09,0.64
201805,-3.2,8.0065,5.7014,3.8065,-0.2962,3.89,5.63,9.07,-0.45,3.88
201806,-2.34,2.8798,0.605,1.0986,-1.2985,-2.35,2.37,1.1,3.07,-0.37
201807,0.47,1.4069,1.0674,3.3445,4.6186,-1.41,1.27,1.35,4.63,1.73
201808,-3.94,5.7312,2.3584,5.3229,0.8061,5.29,2.72,6.39,0.75,7.66
201809,-1.7,-1.745,-2.8136,0.6155,-1.7224,0.04,-2.01,-2.43,0.23,0.72
201810,3.4,-13.326,-9.23,-8.2352,-5.528,-1.99,-11.76,-12.03,-5.54,-9.25
201811,0.3,1.0429,0.843,1.4647,2.2556,-1.37,2.65,0.84,0.79,-0.15
201812,-1.84,-12.1073,-12.6292,-8.4193,-11.5847,2.11,-14.21,-11.35,-9.91,-8.57
201901,-0.46,12.898,11.0416,8.2064,9.1348,-8.68,17.8,8.94,16.04,7.55
201902,-2.67,6.4494,3.6335,3.7318,1.2013,0.86,4.97,5.41,2.73,4.01
201903,-4.17,-0.6693,-4.3414,2.7699,-1.8982,2.21,-3.34,-1.39,0.08,2.54
201904,2.15,2.3065,3.2851,4.0073,7.3301,-2.97,3.49,1.48,6.41,2.49
201905,-2.37,-7.1289,-9.942,-6.3698,-8.2928,7.56,-12.62,-5.92,-13.28,-4.85
201906,-0.71,8.259,6.4698,7.0754,7.4528,-2.3,7.81,7.45,10.69,6.45
201907,0.48,-0.7976,-0.621,1.8103,2.5952,2.89,-3.13,2.46,0.59,0.78
201908,-4.78,-4.1984,-8.0669,-1.0204,-6.7096,6.92,-8.94,-3.58,-8.28,0.2
201909,6.75,-2.4907,5.5525,0.3214,5.7834,-6.81,5.79,-2.04,5.59,-0.21
201910,-1.91,4.4627,0.6591,2.6102,2.5924,0.15,0.16,3.47,3.76,0.75
201911,-2.02,6.1075,3.5075,4.3949,2.9569,-2.66,4.76,3.63,6.79,2.6
201912,1.75,2.7577,4.7567,2.757,4.2651,-1.77,6.11,3.47,3.86,2.95
202001,-6.25,-1.8502,-8.2098,1.6837,-4.4505,5.98,-7.21,-1.6,-4.34,2.01
202002,-3.81,-6.1507,-9.9821,-7.0477,-10.8278,-0.4,-8.98,-7.64,-5.74,-7.89
202003,-13.87,-18.6226,-28.1282,-8.9985,-27.2267,7.97,-25.62,-22.79,-24.39,-11.28
202004,-1.33,18.3099,15.6298,14.3817,14.3994,-5.23,24.41,18.38,17.18,12.75
202005,-4.88,11.2651,4.2357,6.058,3.329,0.43,8.44,7.22,3.47,5.54
202006,-2.2,5.446,3.5082,3.5334,1.0651,-0.73,5.38,5.21,4.86,3.56
202007,-1.41,1.8239,2.6398,7.2846,3.6557,7.61,-0.06,4.79,-3,7.37
202008,-2.97,7.1723,5.364,9.4568,5.3281,0.55,7.88,4.91,5.11,9.17
202009,-2.71,-0.5582,-5.8567,-4.1638,-4.2792,3.12,-6.21,-1.77,-6.11,-4.3
202010,4.25,0.6958,6.2713,-2.8696,0.0648,-3.05,5.65,2.2,0.01,-2.64
202011,2.09,23.143,19.5801,10.4738,18.2128,-12.43,26.95,18.06,26.11,10.13
202012,-1.51,12.7199,8.3908,4.4523,5.7596,-2.32,11.08,8.8,6.42,4.05
202101,3.01,5.8871,10.6155,-0.5979,0.6935,4.5,5.1,14.08,0.71,0.74
202102,7.15,5.848,9.3267,0.3563,11.1704,-7.89,12.81,6.9,9.57,-0.3
202103,7.39,-2.7043,7.1684,2.3154,7.23,-6.14,4.87,-0.12,6.81,-0.48
202104,-0.95,2.563,1.262,6.0793,5.484,1.16,0.42,1.72,3.74,4.75
202105,7.09,-1.6461,6.048,-1,5.4886,0.88,-0.2,2.36,-0.21,-1.01
202106,-7.87,5.5321,-1.3894,4.8194,-3.9974,2.2,1.94,4.35,1.31,3.3
202107,-1.78,-5.5669,-3.7119,3.1122,-2.3,-2.28,-3.42,-5.27,2.26,-0.45
202108,-0.15,2.4939,2.734,3.5727,3.0371,2.45,0.79,2.63,1.86,4.91
202109,5.08,-4.4684,0.5032,-5.449,-0.2526,1.49,-3.02,-1.91,-5.09,-3.21
202110,-0.49,2.9734,3.7682,8.0178,6.2388,3.19,1.61,4.33,4.23,7.89
202111,-0.45,-7.0132,-3.8005,-0.3202,-4.4293,0.88,-6.29,-3.9,-2.89,-3.52
202112,3.26,-0.0285,4.4087,2.5978,4.6821,-2.6,2.45,1.98,4.69,-0.04
202201,12.75,-13.3275,-1.0049,-7.9548,5.2226,-2.6,-10,-10.06,-2.33,-7.46
202202,3.08,-0.0313,2.2397,-3.559,0.3395,1.76,-0.52,2.53,-1.92,-1.44
202203,-1.81,1.7907,0.558,4.3282,1.9377,3.01,0.44,1.59,-0.19,4.7
202204,6.17,-13.5306,-5.5778,-10.5957,-6.2179,4.87,-14.57,-7.3,-12.22,-9.74
202205,8.39,-4.3725,4.1366,-2.6268,5.6393,2.43,-2.66,1.69,-0.93,-0.43
202206,-5.97,-4.3114,-11.2091,-7.2574,-12.2993,0.75,-7.43,-10.18,-11.59,-7.35
202207,-4.05,13.4327,8.7729,11.4394,7.9956,-3.95,11.88,9.75,14.48,8.7
202208,0.29,0.2894,-2.262,-4.7149,-1.5765,2.04,-1.31,0.27,-4.18,-1.66
202209,0.05,-9.3432,-9.7753,-9.1189,-8.5881,3.51,-11.3,-8.72,-11.82,-7.37
202210,8.01,7.279,13.7999,5.4711,14.965,3.96,7.93,13.42,7.53,9.96
202211,1.38,-0.5107,2.5274,5.1241,4.838,-1.98,1.3,1.92,7.44,2.86
202212,1.37,-5.91,-5.3959,-7.1702,-4.9538,4.55,-7.44,-5.14,-10.18,-3.4
202301,-4.01,13.897,8.1936,7.4992,5.1759,-16.01,19.36,5.48,18.35,0.2
202302,-0.81,-2.4126,-1.7028,-1.3885,-3.7135,0.15,-4.44,-1.51,-0.97,-3.6
202303,-8.85,-3.4709,-9.1162,6.7317,-5.3232,-2.47,-6.34,-4.58,7.64,0.93
202304,-0.04,-1.2652,-2.5277,1.0381,2.2148,1.62,-3,-1.46,0.42,2.12
202305,-7.72,0.8681,-4.2857,3.9763,-6.3029,-0.63,-0.44,0.81,5.02,2.51
202306,-0.26,7.5959,8.0918,7.1436,6.1311,-2.37,7.9,6.74,10.94,7.35
202307,4.11,5.133,9.2635,2.9021,6.9958,-3.98,9.82,4.82,5.37,2.4
202308,-1.06,-7.8268,-5.3284,-0.8988,-5.5092,3.77,-7.89,-4.38,-5.19,-1.16
202309,1.52,-6.8099,-6.0807,-5.4008,-3.0848,0.26,-8.18,-6.98,-4.75,-5.44
202310,0.19,-9.1193,-6.2047,-1.796,-4.3317,1.73,-8,-7.48,-4.7,-1.76
202311,1.65,9.8575,10.4886,9.5549,12.2209,2.72,9.15,11.27,7.92,11.24